1,S1_1,9/24/2016,31:00.0,8.680326988
2,S1_1,9/24/2016,31:10.0,4.202428494
3,S1_1,9/24/2016,31:20.0,10.36177434
4,S1_1,9/24/2016,31:30.0,7.305143723
5,S1_1,9/24/2016,31:40.0,13.40120198
6,S1_1,9/24/2016,31:50.0,14.83815588
7,S1_1,9/24/2016,32:00.0,16.5683234
8,S1_1,9/24/2016,32:10.0,4.454892198
9,S1_1,9/24/2016,32:20.0,4.941392109
10,S1_1,9/24/2016,32:30.0,8.266806274
11,S1_1,9/24/2016,32:40.0,18.31400092
12,S1_1,9/24/2016,32:50.0,4.799500832
13,S1_1,9/24/2016,33:00.0,15.48234094
14,S1_1,9/24/2016,33:10.0,14.09854647
15,S1_1,9/24/2016,33:20.0,18.79754763
16,S1_1,9/24/2016,33:30.0,20.40681623
17,S1_1,9/24/2016,33:40.0,17.54949573
18,S1_1,9/24/2016,33:50.0,19.2346857
19,S1_1,9/24/2016,34:00.0,12.81892364
20,S1_1,9/24/2016,34:10.0,14.4461342
21,S1_1,9/24/2016,34:20.0,19.52195477
22,S1_1,9/24/2016,34:30.0,12.53645785
23,S1_1,9/24/2016,34:40.0,12.82844674
24,S1_1,9/24/2016,34:50.0,16.0228364
25,S1_1,9/24/2016,35:00.0,6.091675065
26,S1_1,9/24/2016,35:10.0,18.3322963
27,S1_1,9/24/2016,35:20.0,10.51142548
28,S1_1,9/24/2016,35:30.0,5.248894926
29,S1_1,9/24/2016,35:40.0,10.91416081
30,S1_1,9/24/2016,35:50.0,11.38329979
31,S1_1,9/24/2016,36:00.0,15.12949031
32,S1_1,9/24/2016,36:10.0,15.56808917
33,S1_1,9/24/2016,36:20.0,19.82660475
34,S1_1,9/24/2016,36:30.0,11.55113039
35,S1_1,9/24/2016,36:40.0,18.17068974
36,S1_1,9/24/2016,36:50.0,16.52023277
37,S1_1,9/24/2016,37:00.0,20.25046562
38,S1_1,9/24/2016,37:10.0,18.61203322
39,S1_1,9/24/2016,37:20.0,18.06028213
40,S1_1,9/24/2016,37:30.0,21.53564271
41,S1_1,9/24/2016,37:40.0,5.343073544
42,S1_1,9/24/2016,37:50.0,22.94424404
43,S1_1,9/24/2016,38:00.0,3.731603027
44,S1_1,9/24/2016,38:10.0,6.918251044
45,S1_1,9/24/2016,38:20.0,7.668995416
46,S1_1,9/24/2016,38:30.0,4.70152252
47,S1_1,9/24/2016,38:40.0,17.60802709
48,S1_1,9/24/2016,38:50.0,11.32191262
49,S1_1,9/24/2016,39:00.0,3.731887029
50,S1_1,9/24/2016,39:10.0,11.18044796
51,S1_1,9/24/2016,39:20.0,7.636844
52,S1_1,9/24/2016,39:30.0,18.54296898
53,S1_1,9/24/2016,39:40.0,22.55367332
54,S1_1,9/24/2016,39:50.0,21.24606438
55,S1_1,9/24/2016,40:00.0,14.96682165
56,S1_1,9/24/2016,40:10.0,4.260660584
57,S1_1,9/24/2016,40:20.0,22.80276486
58,S1_1,9/24/2016,40:30.0,6.171027893
59,S1_1,9/24/2016,40:40.0,22.92228565
60,S1_1,9/24/2016,40:50.0,14.17840766
61,S1_1,9/24/2016,41:00.0,6.66882819
62,S1_1,9/24/2016,41:10.0,21.94729389
63,S1_1,9/24/2016,41:20.0,21.27107784
64,S1_1,9/24/2016,41:30.0,19.6130052
65,S1_1,9/24/2016,41:40.0,21.69145252
66,S1_1,9/24/2016,41:50.0,9.894034093
67,S1_1,9/24/2016,42:00.0,3.404077071
68,S1_1,9/24/2016,42:10.0,8.684345104
69,S1_1,9/24/2016,42:20.0,14.19270234
70,S1_1,9/24/2016,42:30.0,17.96962709
71,S1_1,9/24/2016,42:40.0,10.05328634
72,S1_1,9/24/2016,42:50.0,6.861424765
73,S1_1,9/24/2016,43:00.0,19.06202059
74,S1_1,9/24/2016,43:10.0,7.806428232
75,S1_1,9/24/2016,43:20.0,13.20161354
76,S1_1,9/24/2016,43:30.0,18.41414348
77,S1_1,9/24/2016,43:40.0,5.36222665
78,S1_1,9/24/2016,43:50.0,13.61389071
79,S1_1,9/24/2016,44:00.0,7.956780215
80,S1_1,9/24/2016,44:10.0,5.026795279
81,S1_1,9/24/2016,44:20.0,17.71372867
82,S1_1,9/24/2016,44:30.0,10.25766685
83,S1_1,9/24/2016,44:40.0,6.821586802
84,S1_1,9/24/2016,44:50.0,10.12544937
85,S1_1,9/24/2016,45:00.0,4.957369249
86,S1_1,9/24/2016,45:10.0,10.3703415
87,S1_1,9/24/2016,45:20.0,9.645324895
88,S1_1,9/24/2016,45:30.0,20.3483666
89,S1_1,9/24/2016,45:40.0,14.36607935
90,S1_1,9/24/2016,45:50.0,10.24318835
91,S1_1,9/24/2016,46:00.0,6.559404221
92,S1_1,9/24/2016,46:10.0,19.06552342
93,S1_1,9/24/2016,46:20.0,10.81014452
94,S1_1,9/24/2016,46:30.0,3.458126016
95,S1_1,9/24/2016,46:40.0,16.06963777
96,S1_1,9/24/2016,46:50.0,21.23795304
97,S1_1,9/24/2016,47:00.0,10.8799513
98,S1_1,9/24/2016,47:10.0,8.66265053
99,S1_1,9/24/2016,47:20.0,11.6420576
100,S1_1,9/24/2016,47:30.0,13.93131745
101,S1_1,9/24/2016,47:40.0,5.644257547
102,S1_1,9/24/2016,47:50.0,17.3942768
103,S1_1,9/24/2016,48:00.0,13.9733951
104,S1_1,9/24/2016,48:10.0,9.488532407
105,S1_1,9/24/2016,48:20.0,19.68491303
106,S1_1,9/24/2016,48:30.0,7.121257433
107,S1_1,9/24/2016,48:40.0,12.27035917
108,S1_1,9/24/2016,48:50.0,7.734478667
109,S1_1,9/24/2016,49:00.0,9.225010841
110,S1_1,9/24/2016,49:10.0,9.146082405
111,S1_1,9/24/2016,49:20.0,9.955269159
112,S1_1,9/24/2016,49:30.0,21.23689536
113,S1_1,9/24/2016,49:40.0,18.18104996
114,S1_1,9/24/2016,49:50.0,21.86443429
115,S1_1,9/24/2016,50:00.0,6.700800533
116,S1_1,9/24/2016,50:10.0,10.32112436
117,S1_1,9/24/2016,50:20.0,3.375399572
118,S1_1,9/24/2016,50:30.0,11.65402355
119,S1_1,9/24/2016,50:40.0,22.05710364
120,S1_1,9/24/2016,50:50.0,11.04349053
121,S1_1,9/24/2016,51:00.0,21.1566605
122,S1_1,9/24/2016,51:10.0,5.305601051
123,S1_1,9/24/2016,51:20.0,9.699104293
124,S1_1,9/24/2016,51:30.0,12.23624628
125,S1_1,9/24/2016,51:40.0,15.38633295
126,S1_1,9/24/2016,51:50.0,11.70078117
127,S1_1,9/24/2016,52:00.0,19.37313434
128,S1_1,9/24/2016,52:10.0,5.242719718
129,S1_1,9/24/2016,52:20.0,9.806070029
130,S1_1,9/24/2016,52:30.0,5.617096525
131,S1_1,9/24/2016,52:40.0,18.16502895
132,S1_1,9/24/2016,52:50.0,21.11210221
133,S1_1,9/24/2016,53:00.0,20.59768923
134,S1_1,9/24/2016,53:10.0,8.409597491
135,S1_1,9/24/2016,53:20.0,21.33715342
136,S1_1,9/24/2016,53:30.0,8.747027401
137,S1_1,9/24/2016,53:40.0,20.71464686
138,S1_1,9/24/2016,53:50.0,16.10470588
139,S1_1,9/24/2016,54:00.0,18.25738701
140,S1_1,9/24/2016,54:10.0,11.71318212
141,S1_1,9/24/2016,54:20.0,19.34782604
142,S1_1,9/24/2016,54:30.0,8.840956324
143,S1_1,9/24/2016,54:40.0,17.43679331
144,S1_1,9/24/2016,54:50.0,13.17504537
145,S1_1,9/24/2016,55:00.0,20.26466926
146,S1_1,9/24/2016,55:10.0,20.70801552
147,S1_1,9/24/2016,55:20.0,16.63367004
148,S1_1,9/24/2016,55:30.0,10.9528247
149,S1_1,9/24/2016,55:40.0,13.42683794
150,S1_1,9/24/2016,55:50.0,5.459253112
151,S1_1,9/24/2016,56:00.0,20.49695846
152,S1_1,9/24/2016,56:10.0,11.78242225
153,S1_1,9/24/2016,56:20.0,8.896672332
154,S1_1,9/24/2016,56:30.0,22.50588624
155,S1_1,9/24/2016,56:40.0,12.02412638
156,S1_1,9/24/2016,56:50.0,18.25114383
157,S1_1,9/24/2016,57:00.0,22.56635024
158,S1_1,9/24/2016,57:10.0,16.22965725
159,S1_1,9/24/2016,57:20.0,12.48520465
160,S1_1,9/24/2016,57:30.0,11.95482027
161,S1_1,9/24/2016,57:40.0,18.08422023
162,S1_1,9/24/2016,57:50.0,22.15122182
163,S1_1,9/24/2016,58:00.0,15.46943478
164,S1_1,9/24/2016,58:10.0,18.62653597
165,S1_1,9/24/2016,58:20.0,9.076548731
166,S1_1,9/24/2016,58:30.0,14.55720842
167,S1_1,9/24/2016,58:40.0,9.620680139
168,S1_1,9/24/2016,58:50.0,15.17404617
169,S1_1,9/24/2016,59:00.0,6.770373393
170,S1_1,9/24/2016,59:10.0,5.620650529
171,S1_1,9/24/2016,59:20.0,9.332109524
172,S1_1,9/24/2016,59:30.0,20.22331017
173,S1_1,9/24/2016,59:40.0,15.72365188
174,S1_1,9/24/2016,59:50.0,12.25457769
175,S1_1,9/24/2016,00:00.0,22.15351229
176,S1_2,9/24/2016,31:00.0,5.21948476
177,S1_2,9/24/2016,31:10.0,21.22626587
178,S1_2,9/24/2016,31:20.0,19.27356942
179,S1_2,9/24/2016,31:30.0,8.376367116
180,S1_2,9/24/2016,31:40.0,14.98137575
181,S1_2,9/24/2016,31:50.0,6.28260626
182,S1_2,9/24/2016,32:00.0,9.458941769
183,S1_2,9/24/2016,32:10.0,13.95044298
184,S1_2,9/24/2016,32:20.0,6.065299653
185,S1_2,9/24/2016,32:30.0,22.73747115
186,S1_2,9/24/2016,32:40.0,7.226355765
187,S1_2,9/24/2016,32:50.0,19.30111081
188,S1_2,9/24/2016,33:00.0,22.14293361
189,S1_2,9/24/2016,33:10.0,4.310810023
190,S1_2,9/24/2016,33:20.0,19.44109559
191,S1_2,9/24/2016,33:30.0,16.91415884
192,S1_2,9/24/2016,33:40.0,13.77510699
193,S1_2,9/24/2016,33:50.0,9.022444984
194,S1_2,9/24/2016,34:00.0,15.3237818
195,S1_2,9/24/2016,34:10.0,19.48469558
196,S1_2,9/24/2016,34:20.0,9.443992654
197,S1_2,9/24/2016,34:30.0,9.371568444
198,S1_2,9/24/2016,34:40.0,13.46826828
199,S1_2,9/24/2016,34:50.0,15.66897187
200,S1_2,9/24/2016,35:00.0,16.67102383
201,S1_2,9/24/2016,35:10.0,22.67561032
202,S1_2,9/24/2016,35:20.0,7.095169007
203,S1_2,9/24/2016,35:30.0,12.49972062
204,S1_2,9/24/2016,35:40.0,9.536927773
205,S1_2,9/24/2016,35:50.0,20.6792937
206,S1_2,9/24/2016,36:00.0,21.4178783
207,S1_2,9/24/2016,36:10.0,6.523314872
208,S1_2,9/24/2016,36:20.0,11.0892564
209,S1_2,9/24/2016,36:30.0,5.561031538
210,S1_2,9/24/2016,36:40.0,21.49451285
211,S1_2,9/24/2016,36:50.0,10.30417188
212,S1_2,9/24/2016,37:00.0,19.01137268
213,S1_2,9/24/2016,37:10.0,7.885706029
214,S1_2,9/24/2016,37:20.0,6.427992895
215,S1_2,9/24/2016,37:30.0,16.79446106
216,S1_2,9/24/2016,37:40.0,4.502420466
217,S1_2,9/24/2016,37:50.0,14.50630389
218,S1_2,9/24/2016,38:00.0,19.91075992
219,S1_2,9/24/2016,38:10.0,7.869693759
220,S1_2,9/24/2016,38:20.0,14.14885723
221,S1_2,9/24/2016,38:30.0,18.5204519
222,S1_2,9/24/2016,38:40.0,15.58475257
223,S1_2,9/24/2016,38:50.0,21.86434461
224,S1_2,9/24/2016,39:00.0,9.632829086
225,S1_2,9/24/2016,39:10.0,16.12764051
226,S1_2,9/24/2016,39:20.0,19.09858151
227,S1_2,9/24/2016,39:30.0,9.683829613
228,S1_2,9/24/2016,39:40.0,11.64376118
229,S1_2,9/24/2016,39:50.0,12.92207579
230,S1_2,9/24/2016,40:00.0,11.08079235
231,S1_2,9/24/2016,40:10.0,17.36620575
232,S1_2,9/24/2016,40:20.0,12.32475809
233,S1_2,9/24/2016,40:30.0,4.867022389
234,S1_2,9/24/2016,40:40.0,8.765807092
235,S1_2,9/24/2016,40:50.0,20.11932491
236,S1_2,9/24/2016,41:00.0,16.11974412
237,S1_2,9/24/2016,41:10.0,19.86709203
238,S1_2,9/24/2016,41:20.0,10.07975
239,S1_2,9/24/2016,41:30.0,22.7026477
240,S1_2,9/24/2016,41:40.0,21.43254433
241,S1_2,9/24/2016,41:50.0,11.60062244
242,S1_2,9/24/2016,42:00.0,16.63968403
243,S1_2,9/24/2016,42:10.0,9.039145425
244,S1_2,9/24/2016,42:20.0,19.51611189
245,S1_2,9/24/2016,42:30.0,14.58574127
246,S1_2,9/24/2016,42:40.0,17.74344147
247,S1_2,9/24/2016,42:50.0,20.10856647
248,S1_2,9/24/2016,43:00.0,8.477296563
249,S1_2,9/24/2016,43:10.0,11.98319003
250,S1_2,9/24/2016,43:20.0,5.041194936
251,S1_2,9/24/2016,43:30.0,11.27861524
252,S1_2,9/24/2016,43:40.0,16.88166618
253,S1_2,9/24/2016,43:50.0,22.33814113
254,S1_2,9/24/2016,44:00.0,6.541106886
255,S1_2,9/24/2016,44:10.0,18.74478033
256,S1_2,9/24/2016,44:20.0,13.60992615
257,S1_2,9/24/2016,44:30.0,17.94483543
258,S1_2,9/24/2016,44:40.0,14.36248509
259,S1_2,9/24/2016,44:50.0,6.076199849
260,S1_2,9/24/2016,45:00.0,7.832050632
261,S1_2,9/24/2016,45:10.0,12.15127502
262,S1_2,9/24/2016,45:20.0,16.17816793
263,S1_2,9/24/2016,45:30.0,15.19722494
264,S1_2,9/24/2016,45:40.0,21.61289094
265,S1_2,9/24/2016,45:50.0,11.39971984
266,S1_2,9/24/2016,46:00.0,11.54120972
267,S1_2,9/24/2016,46:10.0,6.827441962
268,S1_2,9/24/2016,46:20.0,9.898776539
269,S1_2,9/24/2016,46:30.0,6.102329613
270,S1_2,9/24/2016,46:40.0,8.522880638
271,S1_2,9/24/2016,46:50.0,16.86270028
272,S1_2,9/24/2016,47:00.0,11.30547882
273,S1_2,9/24/2016,47:10.0,10.63309291
274,S1_2,9/24/2016,47:20.0,13.53519581
275,S1_2,9/24/2016,47:30.0,18.45191904
276,S1_2,9/24/2016,47:40.0,9.372901089
277,S1_2,9/24/2016,47:50.0,20.05944377
278,S1_2,9/24/2016,48:00.0,17.86305146
279,S1_2,9/24/2016,48:10.0,20.03948408
280,S1_2,9/24/2016,48:20.0,8.158986267
281,S1_2,9/24/2016,48:30.0,17.11626364
282,S1_2,9/24/2016,48:40.0,21.62728181
283,S1_2,9/24/2016,48:50.0,19.31860011
284,S1_2,9/24/2016,49:00.0,20.03674713
285,S1_2,9/24/2016,49:10.0,9.572646057
286,S1_2,9/24/2016,49:20.0,14.93414371
287,S1_2,9/24/2016,49:30.0,16.85097165
288,S1_2,9/24/2016,49:40.0,18.18271818
289,S1_2,9/24/2016,49:50.0,3.398825729
290,S1_2,9/24/2016,50:00.0,17.54919387
291,S1_2,9/24/2016,50:10.0,11.72206525
292,S1_2,9/24/2016,50:20.0,9.229252845
293,S1_2,9/24/2016,50:30.0,9.450626363
294,S1_2,9/24/2016,50:40.0,17.9966096
295,S1_2,9/24/2016,50:50.0,12.51468218
296,S1_2,9/24/2016,51:00.0,18.07354302
297,S1_2,9/24/2016,51:10.0,4.073790027
298,S1_2,9/24/2016,51:20.0,14.84298828
299,S1_2,9/24/2016,51:30.0,9.434403138
300,S1_2,9/24/2016,51:40.0,14.35646894
301,S1_2,9/24/2016,51:50.0,9.106030812
302,S1_2,9/24/2016,52:00.0,17.10332515
303,S1_2,9/24/2016,52:10.0,9.077555459
304,S1_2,9/24/2016,52:20.0,10.18777333
305,S1_2,9/24/2016,52:30.0,11.53441919
306,S1_2,9/24/2016,52:40.0,21.4690738
307,S1_2,9/24/2016,52:50.0,5.286787934
308,S1_2,9/24/2016,53:00.0,7.300206154
309,S1_2,9/24/2016,53:10.0,22.99402127
310,S1_2,9/24/2016,53:20.0,14.92522592
311,S1_2,9/24/2016,53:30.0,17.13677135
312,S1_2,9/24/2016,53:40.0,10.69047454
313,S1_2,9/24/2016,53:50.0,3.451033917
314,S1_2,9/24/2016,54:00.0,20.94399291
315,S1_2,9/24/2016,54:10.0,15.86557023
316,S1_2,9/24/2016,54:20.0,10.05767918
317,S1_2,9/24/2016,54:30.0,10.24117223
318,S1_2,9/24/2016,54:40.0,20.75823397
319,S1_2,9/24/2016,54:50.0,21.9719796
320,S1_2,9/24/2016,55:00.0,6.632954257
321,S1_2,9/24/2016,55:10.0,8.95456316
322,S1_2,9/24/2016,55:20.0,20.39087122
323,S1_2,9/24/2016,55:30.0,16.95756502
324,S1_2,9/24/2016,55:40.0,22.79106908
325,S1_2,9/24/2016,55:50.0,15.07103604
326,S1_2,9/24/2016,56:00.0,7.298856357
327,S1_2,9/24/2016,56:10.0,16.45684199
328,S1_2,9/24/2016,56:20.0,6.488886252
329,S1_2,9/24/2016,56:30.0,13.14197013
330,S1_2,9/24/2016,56:40.0,12.12545991
331,S1_2,9/24/2016,56:50.0,20.69528398
332,S1_2,9/24/2016,57:00.0,3.647205178
333,S1_2,9/24/2016,57:10.0,15.2728683
334,S1_2,9/24/2016,57:20.0,18.52611914
335,S1_2,9/24/2016,57:30.0,3.096682453
336,S1_2,9/24/2016,57:40.0,10.64880216
337,S1_2,9/24/2016,57:50.0,14.52409767
338,S1_2,9/24/2016,58:00.0,10.46264863
339,S1_2,9/24/2016,58:10.0,8.51031287
340,S1_2,9/24/2016,58:20.0,14.21608055
341,S1_2,9/24/2016,58:30.0,12.25014272
342,S1_2,9/24/2016,58:40.0,3.859620619
343,S1_2,9/24/2016,58:50.0,16.88328372
344,S1_2,9/24/2016,59:00.0,6.551400167
345,S1_2,9/24/2016,59:10.0,6.979154794
346,S1_2,9/24/2016,59:20.0,22.54995343
347,S1_2,9/24/2016,59:30.0,12.98005075
348,S1_2,9/24/2016,59:40.0,10.81604239
349,S1_2,9/24/2016,59:50.0,12.19823116
350,S1_2,9/24/2016,00:00.0,18.29718813
351,S2_1,9/24/2016,31:00.0,3.521370283
352,S2_1,9/24/2016,31:10.0,8.809092054
353,S2_1,9/24/2016,31:20.0,21.88727986
354,S2_1,9/24/2016,31:30.0,14.73588253
355,S2_1,9/24/2016,31:40.0,12.20946602
356,S2_1,9/24/2016,31:50.0,6.325149614
357,S2_1,9/24/2016,32:00.0,19.96855328
358,S2_1,9/24/2016,32:10.0,14.33295343
359,S2_1,9/24/2016,32:20.0,7.205950509
360,S2_1,9/24/2016,32:30.0,4.351455343
361,S2_1,9/24/2016,32:40.0,11.27358617
362,S2_1,9/24/2016,32:50.0,14.51039545
363,S2_1,9/24/2016,33:00.0,21.65779869
364,S2_1,9/24/2016,33:10.0,19.34257752
365,S2_1,9/24/2016,33:20.0,21.1828314
366,S2_1,9/24/2016,33:30.0,14.1742949
367,S2_1,9/24/2016,33:40.0,7.73387703
368,S2_1,9/24/2016,33:50.0,5.157833641
369,S2_1,9/24/2016,34:00.0,5.384254974
370,S2_1,9/24/2016,34:10.0,21.52014377
371,S2_1,9/24/2016,34:20.0,14.79272214
372,S2_1,9/24/2016,34:30.0,7.479172125
373,S2_1,9/24/2016,34:40.0,15.37017801
374,S2_1,9/24/2016,34:50.0,11.80290543
375,S2_1,9/24/2016,35:00.0,20.74115862
376,S2_1,9/24/2016,35:10.0,20.23093339
377,S2_1,9/24/2016,35:20.0,11.48171179
378,S2_1,9/24/2016,35:30.0,9.672094228
379,S2_1,9/24/2016,35:40.0,12.71444754
380,S2_1,9/24/2016,35:50.0,21.49471822
381,S2_1,9/24/2016,36:00.0,8.848826142
382,S2_1,9/24/2016,36:10.0,16.49408988
383,S2_1,9/24/2016,36:20.0,21.40092053
384,S2_1,9/24/2016,36:30.0,6.751570261
385,S2_1,9/24/2016,36:40.0,13.92234132
386,S2_1,9/24/2016,36:50.0,18.63057851
387,S2_1,9/24/2016,37:00.0,16.64779447
388,S2_1,9/24/2016,37:10.0,9.404889373
389,S2_1,9/24/2016,37:20.0,9.433797198
390,S2_1,9/24/2016,37:30.0,3.2948621
391,S2_1,9/24/2016,37:40.0,9.590647487
392,S2_1,9/24/2016,37:50.0,9.509725551
393,S2_1,9/24/2016,38:00.0,7.242712869
394,S2_1,9/24/2016,38:10.0,22.63650277
395,S2_1,9/24/2016,38:20.0,21.7825166
396,S2_1,9/24/2016,38:30.0,21.63297453
397,S2_1,9/24/2016,38:40.0,5.163378913
398,S2_1,9/24/2016,38:50.0,17.36064766
399,S2_1,9/24/2016,39:00.0,5.879990449
400,S2_1,9/24/2016,39:10.0,8.953484813
401,S2_1,9/24/2016,39:20.0,18.07751227
402,S2_1,9/24/2016,39:30.0,6.740173947
403,S2_1,9/24/2016,39:40.0,3.139022701
404,S2_1,9/24/2016,39:50.0,13.05313424
405,S2_1,9/24/2016,40:00.0,22.94340081
406,S2_1,9/24/2016,40:10.0,17.60184237
407,S2_1,9/24/2016,40:20.0,8.508491887
408,S2_1,9/24/2016,40:30.0,12.80010256
409,S2_1,9/24/2016,40:40.0,20.69625547
410,S2_1,9/24/2016,40:50.0,21.46886213
411,S2_1,9/24/2016,41:00.0,12.97469425
412,S2_1,9/24/2016,41:10.0,7.123755328
413,S2_1,9/24/2016,41:20.0,14.56876833
414,S2_1,9/24/2016,41:30.0,8.605052451
415,S2_1,9/24/2016,41:40.0,11.96963658
416,S2_1,9/24/2016,41:50.0,18.60960933
417,S2_1,9/24/2016,42:00.0,18.8843913
418,S2_1,9/24/2016,42:10.0,22.22879837
419,S2_1,9/24/2016,42:20.0,7.762854928
420,S2_1,9/24/2016,42:30.0,21.55356013
421,S2_1,9/24/2016,42:40.0,11.348248
422,S2_1,9/24/2016,42:50.0,16.88729178
423,S2_1,9/24/2016,43:00.0,21.31343253
424,S2_1,9/24/2016,43:10.0,17.80170282
425,S2_1,9/24/2016,43:20.0,12.22902592
426,S2_1,9/24/2016,43:30.0,22.73065599
427,S2_1,9/24/2016,43:40.0,5.188922288
428,S2_1,9/24/2016,43:50.0,12.74423316
429,S2_1,9/24/2016,44:00.0,4.7407463
430,S2_1,9/24/2016,44:10.0,10.49618078
431,S2_1,9/24/2016,44:20.0,13.75521401
432,S2_1,9/24/2016,44:30.0,22.97881562
433,S2_1,9/24/2016,44:40.0,7.063319351
434,S2_1,9/24/2016,44:50.0,14.81335076
435,S2_1,9/24/2016,45:00.0,20.4010807
436,S2_1,9/24/2016,45:10.0,12.1114975
437,S2_1,9/24/2016,45:20.0,18.66129249
438,S2_1,9/24/2016,45:30.0,7.657083052
439,S2_1,9/24/2016,45:40.0,5.309454231
440,S2_1,9/24/2016,45:50.0,21.22382329
441,S2_1,9/24/2016,46:00.0,12.39518912
442,S2_1,9/24/2016,46:10.0,3.807163156
443,S2_1,9/24/2016,46:20.0,8.756806817
444,S2_1,9/24/2016,46:30.0,13.4294503
445,S2_1,9/24/2016,46:40.0,16.46350338
446,S2_1,9/24/2016,46:50.0,11.98569763
447,S2_1,9/24/2016,47:00.0,15.1949119
448,S2_1,9/24/2016,47:10.0,13.30467034
449,S2_1,9/24/2016,47:20.0,15.97392237
450,S2_1,9/24/2016,47:30.0,15.41145355
451,S2_1,9/24/2016,47:40.0,22.12461481
452,S2_1,9/24/2016,47:50.0,7.472029047
453,S2_1,9/24/2016,48:00.0,3.760033119
454,S2_1,9/24/2016,48:10.0,15.42020123
455,S2_1,9/24/2016,48:20.0,12.92401467
456,S2_1,9/24/2016,48:30.0,11.44807564
457,S2_1,9/24/2016,48:40.0,8.318902143
458,S2_1,9/24/2016,48:50.0,6.269190705
459,S2_1,9/24/2016,49:00.0,15.72266223
460,S2_1,9/24/2016,49:10.0,3.547822911
461,S2_1,9/24/2016,49:20.0,21.78385682
462,S2_1,9/24/2016,49:30.0,8.157534649
463,S2_1,9/24/2016,49:40.0,10.03563925
464,S2_1,9/24/2016,49:50.0,6.406975908
465,S2_1,9/24/2016,50:00.0,18.25302192
466,S2_1,9/24/2016,50:10.0,22.48645067
467,S2_1,9/24/2016,50:20.0,8.455594822
468,S2_1,9/24/2016,50:30.0,21.46884921
469,S2_1,9/24/2016,50:40.0,4.244325209
470,S2_1,9/24/2016,50:50.0,6.664624892
471,S2_1,9/24/2016,51:00.0,12.45003977
472,S2_1,9/24/2016,51:10.0,12.03010768
473,S2_1,9/24/2016,51:20.0,9.99567948
474,S2_1,9/24/2016,51:30.0,16.43615667
475,S2_1,9/24/2016,51:40.0,15.82970246
476,S2_1,9/24/2016,51:50.0,4.110320537
477,S2_1,9/24/2016,52:00.0,21.79418203
478,S2_1,9/24/2016,52:10.0,13.00742063
479,S2_1,9/24/2016,52:20.0,10.44659083
480,S2_1,9/24/2016,52:30.0,8.440784925
481,S2_1,9/24/2016,52:40.0,7.909200814
482,S2_1,9/24/2016,52:50.0,6.037741777
483,S2_1,9/24/2016,53:00.0,17.08592094
484,S2_1,9/24/2016,53:10.0,10.53581865
485,S2_1,9/24/2016,53:20.0,11.19108217
486,S2_1,9/24/2016,53:30.0,21.39188921
487,S2_1,9/24/2016,53:40.0,22.5055244
488,S2_1,9/24/2016,53:50.0,15.91432982
489,S2_1,9/24/2016,54:00.0,3.214954514
490,S2_1,9/24/2016,54:10.0,4.129055933
491,S2_1,9/24/2016,54:20.0,5.267438278
492,S2_1,9/24/2016,54:30.0,11.28982468
493,S2_1,9/24/2016,54:40.0,21.39776107
494,S2_1,9/24/2016,54:50.0,14.49056191
495,S2_1,9/24/2016,55:00.0,3.151452893
496,S2_1,9/24/2016,55:10.0,13.55163945
497,S2_1,9/24/2016,55:20.0,7.878135746
498,S2_1,9/24/2016,55:30.0,6.798196463
499,S2_1,9/24/2016,55:40.0,19.02062964
500,S2_1,9/24/2016,55:50.0,8.495620392
501,S2_1,9/24/2016,56:00.0,13.3461388
502,S2_1,9/24/2016,56:10.0,19.48080886
503,S2_1,9/24/2016,56:20.0,21.22418518
504,S2_1,9/24/2016,56:30.0,20.22808361
505,S2_1,9/24/2016,56:40.0,9.320140983
506,S2_1,9/24/2016,56:50.0,12.99423107
507,S2_1,9/24/2016,57:00.0,11.37947
508,S2_1,9/24/2016,57:10.0,11.12755046
509,S2_1,9/24/2016,57:20.0,16.94568737
510,S2_1,9/24/2016,57:30.0,6.162258538
511,S2_1,9/24/2016,57:40.0,22.22479694
512,S2_1,9/24/2016,57:50.0,12.78408641
513,S2_1,9/24/2016,58:00.0,12.27255546
514,S2_1,9/24/2016,58:10.0,11.20953277
515,S2_1,9/24/2016,58:20.0,19.99559695
516,S2_1,9/24/2016,58:30.0,8.573300125
517,S2_1,9/24/2016,58:40.0,22.71627036
518,S2_1,9/24/2016,58:50.0,20.97278148
519,S2_1,9/24/2016,59:00.0,7.944784169
520,S2_1,9/24/2016,59:10.0,4.918451774
521,S2_1,9/24/2016,59:20.0,5.15625956
522,S2_1,9/24/2016,59:30.0,12.18479811
523,S2_1,9/24/2016,59:40.0,18.15801999
524,S2_1,9/24/2016,59:50.0,9.67396886
525,S2_1,9/24/2016,00:00.0,12.63661526
526,S2_2,9/24/2016,31:00.0,19.22612582
527,S2_2,9/24/2016,31:10.0,7.174822664
528,S2_2,9/24/2016,31:20.0,17.42076517
529,S2_2,9/24/2016,31:30.0,5.720894474
530,S2_2,9/24/2016,31:40.0,9.956971484
531,S2_2,9/24/2016,31:50.0,18.91981196
532,S2_2,9/24/2016,32:00.0,14.26340335
533,S2_2,9/24/2016,32:10.0,21.55563082
534,S2_2,9/24/2016,32:20.0,3.095639619
535,S2_2,9/24/2016,32:30.0,20.99872787
536,S2_2,9/24/2016,32:40.0,18.17175099
537,S2_2,9/24/2016,32:50.0,14.34831417
538,S2_2,9/24/2016,33:00.0,11.77937966
539,S2_2,9/24/2016,33:10.0,13.01578601
540,S2_2,9/24/2016,33:20.0,19.12864209
541,S2_2,9/24/2016,33:30.0,6.445148725
542,S2_2,9/24/2016,33:40.0,10.01699966
543,S2_2,9/24/2016,33:50.0,9.687648806
544,S2_2,9/24/2016,34:00.0,14.74136475
545,S2_2,9/24/2016,34:10.0,13.66928873
546,S2_2,9/24/2016,34:20.0,3.936102908
547,S2_2,9/24/2016,34:30.0,6.026357354
548,S2_2,9/24/2016,34:40.0,21.24535422
549,S2_2,9/24/2016,34:50.0,16.07494437
550,S2_2,9/24/2016,35:00.0,18.67483564
551,S2_2,9/24/2016,35:10.0,22.85095701
552,S2_2,9/24/2016,35:20.0,5.727601874
553,S2_2,9/24/2016,35:30.0,22.18873584
554,S2_2,9/24/2016,35:40.0,18.59736022
555,S2_2,9/24/2016,35:50.0,22.12861808
556,S2_2,9/24/2016,36:00.0,18.48788855
557,S2_2,9/24/2016,36:10.0,15.36286012
558,S2_2,9/24/2016,36:20.0,4.24600205
559,S2_2,9/24/2016,36:30.0,5.71033921
560,S2_2,9/24/2016,36:40.0,21.31063398
561,S2_2,9/24/2016,36:50.0,21.74150976
562,S2_2,9/24/2016,37:00.0,5.700102852
563,S2_2,9/24/2016,37:10.0,14.49045534
564,S2_2,9/24/2016,37:20.0,18.3752308
565,S2_2,9/24/2016,37:30.0,14.6458272
566,S2_2,9/24/2016,37:40.0,13.22884285
567,S2_2,9/24/2016,37:50.0,19.91458076
568,S2_2,9/24/2016,38:00.0,14.45984
569,S2_2,9/24/2016,38:10.0,9.208652785
570,S2_2,9/24/2016,38:20.0,22.49519415
571,S2_2,9/24/2016,38:30.0,17.33211849
572,S2_2,9/24/2016,38:40.0,19.85486118
573,S2_2,9/24/2016,38:50.0,13.28349866
574,S2_2,9/24/2016,39:00.0,4.948885804
575,S2_2,9/24/2016,39:10.0,7.416839301
576,S2_2,9/24/2016,39:20.0,17.70106513
577,S2_2,9/24/2016,39:30.0,7.38782781
578,S2_2,9/24/2016,39:40.0,6.170219601
579,S2_2,9/24/2016,39:50.0,18.97675678
580,S2_2,9/24/2016,40:00.0,10.35671625
581,S2_2,9/24/2016,40:10.0,7.981880542
582,S2_2,9/24/2016,40:20.0,21.70125753
583,S2_2,9/24/2016,40:30.0,21.53082076
584,S2_2,9/24/2016,40:40.0,17.04314721
585,S2_2,9/24/2016,40:50.0,7.663923146
586,S2_2,9/24/2016,41:00.0,6.503528094
587,S2_2,9/24/2016,41:10.0,7.163909744
588,S2_2,9/24/2016,41:20.0,11.82079098
589,S2_2,9/24/2016,41:30.0,6.520862128
590,S2_2,9/24/2016,41:40.0,3.033764465
591,S2_2,9/24/2016,41:50.0,8.246467087
592,S2_2,9/24/2016,42:00.0,11.78272225
593,S2_2,9/24/2016,42:10.0,17.04763894
594,S2_2,9/24/2016,42:20.0,22.35351223
595,S2_2,9/24/2016,42:30.0,5.460889624
596,S2_2,9/24/2016,42:40.0,15.46179447
597,S2_2,9/24/2016,42:50.0,4.003465386
598,S2_2,9/24/2016,43:00.0,12.06049809
599,S2_2,9/24/2016,43:10.0,15.01588469
600,S2_2,9/24/2016,43:20.0,14.77138962
601,S2_2,9/24/2016,43:30.0,22.27431362
602,S2_2,9/24/2016,43:40.0,21.23940712
603,S2_2,9/24/2016,43:50.0,16.95617669
604,S2_2,9/24/2016,44:00.0,20.59375872
605,S2_2,9/24/2016,44:10.0,7.31052285
606,S2_2,9/24/2016,44:20.0,21.10214862
607,S2_2,9/24/2016,44:30.0,10.55130556
608,S2_2,9/24/2016,44:40.0,18.5894325
609,S2_2,9/24/2016,44:50.0,7.896683972
610,S2_2,9/24/2016,45:00.0,19.73685264
611,S2_2,9/24/2016,45:10.0,9.704932344
612,S2_2,9/24/2016,45:20.0,8.771942379
613,S2_2,9/24/2016,45:30.0,15.10574992
614,S2_2,9/24/2016,45:40.0,14.42442306
615,S2_2,9/24/2016,45:50.0,3.508412345
616,S2_2,9/24/2016,46:00.0,22.25091618
617,S2_2,9/24/2016,46:10.0,12.20301417
618,S2_2,9/24/2016,46:20.0,14.60722239
619,S2_2,9/24/2016,46:30.0,4.47786279
620,S2_2,9/24/2016,46:40.0,16.81791274
621,S2_2,9/24/2016,46:50.0,19.33571807
622,S2_2,9/24/2016,47:00.0,13.27423451
623,S2_2,9/24/2016,47:10.0,8.455265514
624,S2_2,9/24/2016,47:20.0,7.708503185
625,S2_2,9/24/2016,47:30.0,15.51131668
626,S2_2,9/24/2016,47:40.0,10.66979775
627,S2_2,9/24/2016,47:50.0,7.574022927
628,S2_2,9/24/2016,48:00.0,18.32412933
629,S2_2,9/24/2016,48:10.0,20.35861173
630,S2_2,9/24/2016,48:20.0,10.83776015
631,S2_2,9/24/2016,48:30.0,19.50775576
632,S2_2,9/24/2016,48:40.0,4.150567839
633,S2_2,9/24/2016,48:50.0,5.158415484
634,S2_2,9/24/2016,49:00.0,17.53582029
635,S2_2,9/24/2016,49:10.0,11.24344505
636,S2_2,9/24/2016,49:20.0,18.83938835
637,S2_2,9/24/2016,49:30.0,10.81089742
638,S2_2,9/24/2016,49:40.0,21.64720006
639,S2_2,9/24/2016,49:50.0,9.660489466
640,S2_2,9/24/2016,50:00.0,9.475765926
641,S2_2,9/24/2016,50:10.0,5.686185381
642,S2_2,9/24/2016,50:20.0,15.45115467
643,S2_2,9/24/2016,50:30.0,21.14710941
644,S2_2,9/24/2016,50:40.0,4.2937506
645,S2_2,9/24/2016,50:50.0,13.81373821
646,S2_2,9/24/2016,51:00.0,22.85530614
647,S2_2,9/24/2016,51:10.0,3.936034941
648,S2_2,9/24/2016,51:20.0,5.297607968
649,S2_2,9/24/2016,51:30.0,6.795236049
650,S2_2,9/24/2016,51:40.0,14.41714015
651,S2_2,9/24/2016,51:50.0,15.95143635
652,S2_2,9/24/2016,52:00.0,8.300615711
653,S2_2,9/24/2016,52:10.0,12.95174454
654,S2_2,9/24/2016,52:20.0,7.462921186
655,S2_2,9/24/2016,52:30.0,13.51077127
656,S2_2,9/24/2016,52:40.0,22.53787947
657,S2_2,9/24/2016,52:50.0,13.46945657
658,S2_2,9/24/2016,53:00.0,6.276930363
659,S2_2,9/24/2016,53:10.0,11.94545765
660,S2_2,9/24/2016,53:20.0,14.3658188
661,S2_2,9/24/2016,53:30.0,15.25991451
662,S2_2,9/24/2016,53:40.0,6.257097985
663,S2_2,9/24/2016,53:50.0,14.84593255
664,S2_2,9/24/2016,54:00.0,13.9715675
665,S2_2,9/24/2016,54:10.0,13.89901524
666,S2_2,9/24/2016,54:20.0,8.061468175
667,S2_2,9/24/2016,54:30.0,14.19255972
668,S2_2,9/24/2016,54:40.0,17.65412606
669,S2_2,9/24/2016,54:50.0,3.212268192
670,S2_2,9/24/2016,55:00.0,7.605354643
671,S2_2,9/24/2016,55:10.0,20.3260181
672,S2_2,9/24/2016,55:20.0,14.3647673
673,S2_2,9/24/2016,55:30.0,9.001426958
674,S2_2,9/24/2016,55:40.0,22.7136508
675,S2_2,9/24/2016,55:50.0,16.9966425
676,S2_2,9/24/2016,56:00.0,7.481998537
677,S2_2,9/24/2016,56:10.0,4.084937078
678,S2_2,9/24/2016,56:20.0,12.85819148
679,S2_2,9/24/2016,56:30.0,15.41169769
680,S2_2,9/24/2016,56:40.0,3.42832486
681,S2_2,9/24/2016,56:50.0,6.511026549
682,S2_2,9/24/2016,57:00.0,8.247610329
683,S2_2,9/24/2016,57:10.0,17.05809534
684,S2_2,9/24/2016,57:20.0,4.580174792
685,S2_2,9/24/2016,57:30.0,21.57135423
686,S2_2,9/24/2016,57:40.0,15.68790803
687,S2_2,9/24/2016,57:50.0,4.73710805
688,S2_2,9/24/2016,58:00.0,6.950725095
689,S2_2,9/24/2016,58:10.0,9.099752827
690,S2_2,9/24/2016,58:20.0,14.05783344
691,S2_2,9/24/2016,58:30.0,5.325549806
692,S2_2,9/24/2016,58:40.0,21.07555822
693,S2_2,9/24/2016,58:50.0,13.03631888
694,S2_2,9/24/2016,59:00.0,11.39801856
695,S2_2,9/24/2016,59:10.0,9.258651693
696,S2_2,9/24/2016,59:20.0,5.123128933
697,S2_2,9/24/2016,59:30.0,22.55615544
698,S2_2,9/24/2016,59:40.0,15.81266623
699,S2_2,9/24/2016,59:50.0,19.86655348
700,S2_2,9/24/2016,00:00.0,4.963389973
701,S3_1,9/24/2016,31:00.0,11.88295437
702,S3_1,9/24/2016,31:10.0,11.0980893
703,S3_1,9/24/2016,31:20.0,10.02701574
704,S3_1,9/24/2016,31:30.0,8.561463026
705,S3_1,9/24/2016,31:40.0,20.41324775
706,S3_1,9/24/2016,31:50.0,8.175497908
707,S3_1,9/24/2016,32:00.0,17.63270326
708,S3_1,9/24/2016,32:10.0,17.21435671
709,S3_1,9/24/2016,32:20.0,15.49523029
710,S3_1,9/24/2016,32:30.0,5.73455272
711,S3_1,9/24/2016,32:40.0,7.243188694
712,S3_1,9/24/2016,32:50.0,7.803677255
713,S3_1,9/24/2016,33:00.0,5.794140347
714,S3_1,9/24/2016,33:10.0,12.58699612
715,S3_1,9/24/2016,33:20.0,12.17727623
716,S3_1,9/24/2016,33:30.0,10.33151204
717,S3_1,9/24/2016,33:40.0,7.177192057
718,S3_1,9/24/2016,33:50.0,4.724641419
719,S3_1,9/24/2016,34:00.0,4.161318495
720,S3_1,9/24/2016,34:10.0,11.93377274
721,S3_1,9/24/2016,34:20.0,4.402950545
722,S3_1,9/24/2016,34:30.0,4.470634016
723,S3_1,9/24/2016,34:40.0,12.33645839
724,S3_1,9/24/2016,34:50.0,4.844031014
725,S3_1,9/24/2016,35:00.0,21.26539966
726,S3_1,9/24/2016,35:10.0,16.58904447
727,S3_1,9/24/2016,35:20.0,9.897247663
728,S3_1,9/24/2016,35:30.0,9.245808926
729,S3_1,9/24/2016,35:40.0,15.68289978
730,S3_1,9/24/2016,35:50.0,7.31809113
731,S3_1,9/24/2016,36:00.0,18.83616953
732,S3_1,9/24/2016,36:10.0,22.01900257
733,S3_1,9/24/2016,36:20.0,14.03595405
734,S3_1,9/24/2016,36:30.0,3.206246986
735,S3_1,9/24/2016,36:40.0,19.48870489
736,S3_1,9/24/2016,36:50.0,17.14787752
737,S3_1,9/24/2016,37:00.0,17.01748776
738,S3_1,9/24/2016,37:10.0,21.04945312
739,S3_1,9/24/2016,37:20.0,9.755209201
740,S3_1,9/24/2016,37:30.0,4.614023757
741,S3_1,9/24/2016,37:40.0,22.6736482
742,S3_1,9/24/2016,37:50.0,21.41876657
743,S3_1,9/24/2016,38:00.0,5.954716005
744,S3_1,9/24/2016,38:10.0,12.95817823
745,S3_1,9/24/2016,38:20.0,12.57696669
746,S3_1,9/24/2016,38:30.0,22.05521262
747,S3_1,9/24/2016,38:40.0,16.75389661
748,S3_1,9/24/2016,38:50.0,21.17123465
749,S3_1,9/24/2016,39:00.0,17.46316366
750,S3_1,9/24/2016,39:10.0,8.035886064
751,S3_1,9/24/2016,39:20.0,18.43643593
752,S3_1,9/24/2016,39:30.0,16.81135693
753,S3_1,9/24/2016,39:40.0,6.359615048
754,S3_1,9/24/2016,39:50.0,9.498632281
755,S3_1,9/24/2016,40:00.0,12.43884515
756,S3_1,9/24/2016,40:10.0,8.934503355
757,S3_1,9/24/2016,40:20.0,6.307142418
758,S3_1,9/24/2016,40:30.0,4.493471356
759,S3_1,9/24/2016,40:40.0,10.24219572
760,S3_1,9/24/2016,40:50.0,15.88780759
761,S3_1,9/24/2016,41:00.0,10.88297096
762,S3_1,9/24/2016,41:10.0,11.36471949
763,S3_1,9/24/2016,41:20.0,15.07656159
764,S3_1,9/24/2016,41:30.0,8.185196372
765,S3_1,9/24/2016,41:40.0,22.32025428
766,S3_1,9/24/2016,41:50.0,3.419806183
767,S3_1,9/24/2016,42:00.0,13.36183085
768,S3_1,9/24/2016,42:10.0,4.979966622
769,S3_1,9/24/2016,42:20.0,17.02469623
770,S3_1,9/24/2016,42:30.0,20.35998094
771,S3_1,9/24/2016,42:40.0,8.202062543
772,S3_1,9/24/2016,42:50.0,5.152107968
773,S3_1,9/24/2016,43:00.0,8.247650412
774,S3_1,9/24/2016,43:10.0,16.72080994
775,S3_1,9/24/2016,43:20.0,11.02590574
776,S3_1,9/24/2016,43:30.0,8.164555702
777,S3_1,9/24/2016,43:40.0,12.87066799
778,S3_1,9/24/2016,43:50.0,16.95483621
779,S3_1,9/24/2016,44:00.0,18.20651805
780,S3_1,9/24/2016,44:10.0,20.11358564
781,S3_1,9/24/2016,44:20.0,10.65297343
782,S3_1,9/24/2016,44:30.0,17.3032844
783,S3_1,9/24/2016,44:40.0,5.444452819
784,S3_1,9/24/2016,44:50.0,20.58210263
785,S3_1,9/24/2016,45:00.0,5.087743277
786,S3_1,9/24/2016,45:10.0,14.05477332
787,S3_1,9/24/2016,45:20.0,9.902643802
788,S3_1,9/24/2016,45:30.0,14.77428028
789,S3_1,9/24/2016,45:40.0,12.35128599
790,S3_1,9/24/2016,45:50.0,20.01797017
791,S3_1,9/24/2016,46:00.0,16.00134681
792,S3_1,9/24/2016,46:10.0,11.64088522
793,S3_1,9/24/2016,46:20.0,14.08133131
794,S3_1,9/24/2016,46:30.0,10.42144594
795,S3_1,9/24/2016,46:40.0,15.85842632
796,S3_1,9/24/2016,46:50.0,5.259713132
797,S3_1,9/24/2016,47:00.0,18.31992924
798,S3_1,9/24/2016,47:10.0,4.745914973
799,S3_1,9/24/2016,47:20.0,9.898963153
800,S3_1,9/24/2016,47:30.0,18.97131148
801,S3_1,9/24/2016,47:40.0,4.517168722
802,S3_1,9/24/2016,47:50.0,9.469275873
803,S3_1,9/24/2016,48:00.0,19.62007187
804,S3_1,9/24/2016,48:10.0,18.56416203
805,S3_1,9/24/2016,48:20.0,6.440369366
806,S3_1,9/24/2016,48:30.0,17.33864677
807,S3_1,9/24/2016,48:40.0,6.138743373
808,S3_1,9/24/2016,48:50.0,12.87026695
809,S3_1,9/24/2016,49:00.0,4.209978089
810,S3_1,9/24/2016,49:10.0,14.33489704
811,S3_1,9/24/2016,49:20.0,8.225386361
812,S3_1,9/24/2016,49:30.0,9.20458983
813,S3_1,9/24/2016,49:40.0,22.9488991
814,S3_1,9/24/2016,49:50.0,15.49235115
815,S3_1,9/24/2016,50:00.0,15.77884768
816,S3_1,9/24/2016,50:10.0,5.437873339
817,S3_1,9/24/2016,50:20.0,12.55507577
818,S3_1,9/24/2016,50:30.0,8.808814656
819,S3_1,9/24/2016,50:40.0,22.7948379
820,S3_1,9/24/2016,50:50.0,16.01236061
821,S3_1,9/24/2016,51:00.0,8.759801245
822,S3_1,9/24/2016,51:10.0,13.40931204
823,S3_1,9/24/2016,51:20.0,18.32719447
824,S3_1,9/24/2016,51:30.0,7.949289016
825,S3_1,9/24/2016,51:40.0,7.453377931
826,S3_1,9/24/2016,51:50.0,18.25040079
827,S3_1,9/24/2016,52:00.0,17.58888432
828,S3_1,9/24/2016,52:10.0,19.65709119
829,S3_1,9/24/2016,52:20.0,11.92843024
830,S3_1,9/24/2016,52:30.0,20.69210423
831,S3_1,9/24/2016,52:40.0,13.41998958
832,S3_1,9/24/2016,52:50.0,9.883265023
833,S3_1,9/24/2016,53:00.0,4.062962816
834,S3_1,9/24/2016,53:10.0,10.74860128
835,S3_1,9/24/2016,53:20.0,12.48667882
836,S3_1,9/24/2016,53:30.0,11.85084597
837,S3_1,9/24/2016,53:40.0,21.33951085
838,S3_1,9/24/2016,53:50.0,18.7519081
839,S3_1,9/24/2016,54:00.0,16.57386848
840,S3_1,9/24/2016,54:10.0,19.34829587
841,S3_1,9/24/2016,54:20.0,10.36444474
842,S3_1,9/24/2016,54:30.0,10.0969773
843,S3_1,9/24/2016,54:40.0,22.1031176
844,S3_1,9/24/2016,54:50.0,3.543001332
845,S3_1,9/24/2016,55:00.0,8.510740027
846,S3_1,9/24/2016,55:10.0,12.47846818
847,S3_1,9/24/2016,55:20.0,3.008972428
848,S3_1,9/24/2016,55:30.0,18.80317632
849,S3_1,9/24/2016,55:40.0,13.43829406
850,S3_1,9/24/2016,55:50.0,9.415294347
851,S3_1,9/24/2016,56:00.0,21.74494321
852,S3_1,9/24/2016,56:10.0,9.896738764
853,S3_1,9/24/2016,56:20.0,11.48046258
854,S3_1,9/24/2016,56:30.0,19.08752924
855,S3_1,9/24/2016,56:40.0,4.17513897
856,S3_1,9/24/2016,56:50.0,21.92131129
857,S3_1,9/24/2016,57:00.0,3.377454641
858,S3_1,9/24/2016,57:10.0,20.0034675
859,S3_1,9/24/2016,57:20.0,18.60192992
860,S3_1,9/24/2016,57:30.0,14.93548563
861,S3_1,9/24/2016,57:40.0,7.820137081
862,S3_1,9/24/2016,57:50.0,22.95989125
863,S3_1,9/24/2016,58:00.0,8.652056785
864,S3_1,9/24/2016,58:10.0,3.787631323
865,S3_1,9/24/2016,58:20.0,5.859970464
866,S3_1,9/24/2016,58:30.0,14.62257066
867,S3_1,9/24/2016,58:40.0,21.32692642
868,S3_1,9/24/2016,58:50.0,12.36177694
869,S3_1,9/24/2016,59:00.0,21.14931345
870,S3_1,9/24/2016,59:10.0,16.00371752
871,S3_1,9/24/2016,59:20.0,18.46164282
872,S3_1,9/24/2016,59:30.0,5.328069687
873,S3_1,9/24/2016,59:40.0,4.857944197
874,S3_1,9/24/2016,59:50.0,8.929046738
875,S3_1,9/24/2016,00:00.0,7.830415962
876,S3_2,9/24/2016,31:00.0,7.89941589
877,S3_2,9/24/2016,31:10.0,19.45495693
878,S3_2,9/24/2016,31:20.0,4.7364955
879,S3_2,9/24/2016,31:30.0,13.9107619
880,S3_2,9/24/2016,31:40.0,7.968861813
881,S3_2,9/24/2016,31:50.0,4.11919079
882,S3_2,9/24/2016,32:00.0,21.02748162
883,S3_2,9/24/2016,32:10.0,3.043590817
884,S3_2,9/24/2016,32:20.0,17.1408613
885,S3_2,9/24/2016,32:30.0,13.16434584
886,S3_2,9/24/2016,32:40.0,11.58830133
887,S3_2,9/24/2016,32:50.0,7.47987662
888,S3_2,9/24/2016,33:00.0,20.62053709
889,S3_2,9/24/2016,33:10.0,7.16141481
890,S3_2,9/24/2016,33:20.0,8.978925989
891,S3_2,9/24/2016,33:30.0,22.89046561
892,S3_2,9/24/2016,33:40.0,4.653270535
893,S3_2,9/24/2016,33:50.0,11.49227492
894,S3_2,9/24/2016,34:00.0,3.38980914
895,S3_2,9/24/2016,34:10.0,4.183167685
896,S3_2,9/24/2016,34:20.0,8.987039146
897,S3_2,9/24/2016,34:30.0,15.4808752
898,S3_2,9/24/2016,34:40.0,10.40214425
899,S3_2,9/24/2016,34:50.0,10.26294185
900,S3_2,9/24/2016,35:00.0,18.41782791
901,S3_2,9/24/2016,35:10.0,15.4926106
902,S3_2,9/24/2016,35:20.0,20.26830148
903,S3_2,9/24/2016,35:30.0,17.09515094
904,S3_2,9/24/2016,35:40.0,12.76951147
905,S3_2,9/24/2016,35:50.0,16.15058005
906,S3_2,9/24/2016,36:00.0,22.26865963
907,S3_2,9/24/2016,36:10.0,11.74299218
908,S3_2,9/24/2016,36:20.0,13.39495171
909,S3_2,9/24/2016,36:30.0,6.36402542
910,S3_2,9/24/2016,36:40.0,9.843469873
911,S3_2,9/24/2016,36:50.0,16.24460339
912,S3_2,9/24/2016,37:00.0,10.50444451
913,S3_2,9/24/2016,37:10.0,18.3327569
914,S3_2,9/24/2016,37:20.0,18.88306479
915,S3_2,9/24/2016,37:30.0,16.06129042
916,S3_2,9/24/2016,37:40.0,5.740844555
917,S3_2,9/24/2016,37:50.0,19.22280586
918,S3_2,9/24/2016,38:00.0,17.04949737
919,S3_2,9/24/2016,38:10.0,15.07527999
920,S3_2,9/24/2016,38:20.0,14.31218853
921,S3_2,9/24/2016,38:30.0,21.71224738
922,S3_2,9/24/2016,38:40.0,9.068833819
923,S3_2,9/24/2016,38:50.0,7.627360918
924,S3_2,9/24/2016,39:00.0,19.87079669
925,S3_2,9/24/2016,39:10.0,11.29323799
926,S3_2,9/24/2016,39:20.0,13.28388474
927,S3_2,9/24/2016,39:30.0,20.73458392
928,S3_2,9/24/2016,39:40.0,8.501295615
929,S3_2,9/24/2016,39:50.0,16.85116362
930,S3_2,9/24/2016,40:00.0,10.72324601
931,S3_2,9/24/2016,40:10.0,11.70909262
932,S3_2,9/24/2016,40:20.0,5.940233255
933,S3_2,9/24/2016,40:30.0,5.852936034
934,S3_2,9/24/2016,40:40.0,3.519301339
935,S3_2,9/24/2016,40:50.0,11.86527724
936,S3_2,9/24/2016,41:00.0,14.5159965
937,S3_2,9/24/2016,41:10.0,16.98050002
938,S3_2,9/24/2016,41:20.0,11.79059505
939,S3_2,9/24/2016,41:30.0,9.115871473
940,S3_2,9/24/2016,41:40.0,22.07302464
941,S3_2,9/24/2016,41:50.0,4.554635901
942,S3_2,9/24/2016,42:00.0,3.377536943
943,S3_2,9/24/2016,42:10.0,3.939879154
944,S3_2,9/24/2016,42:20.0,9.618407369
945,S3_2,9/24/2016,42:30.0,8.998392423
946,S3_2,9/24/2016,42:40.0,15.55006828
947,S3_2,9/24/2016,42:50.0,13.68741372
948,S3_2,9/24/2016,43:00.0,4.39603941
949,S3_2,9/24/2016,43:10.0,12.37870685
950,S3_2,9/24/2016,43:20.0,4.840025999
951,S3_2,9/24/2016,43:30.0,10.62857369
952,S3_2,9/24/2016,43:40.0,8.733206834
953,S3_2,9/24/2016,43:50.0,15.19899057
954,S3_2,9/24/2016,44:00.0,7.596514434
955,S3_2,9/24/2016,44:10.0,8.322766623
956,S3_2,9/24/2016,44:20.0,12.53357579
957,S3_2,9/24/2016,44:30.0,5.895913204
958,S3_2,9/24/2016,44:40.0,19.65465192
959,S3_2,9/24/2016,44:50.0,8.269542781
960,S3_2,9/24/2016,45:00.0,18.0465131
961,S3_2,9/24/2016,45:10.0,7.948654311
962,S3_2,9/24/2016,45:20.0,16.99899295
963,S3_2,9/24/2016,45:30.0,19.49184618
964,S3_2,9/24/2016,45:40.0,18.3972664
965,S3_2,9/24/2016,45:50.0,20.41319732
966,S3_2,9/24/2016,46:00.0,12.57884168
967,S3_2,9/24/2016,46:10.0,18.9500176
968,S3_2,9/24/2016,46:20.0,18.76072262
969,S3_2,9/24/2016,46:30.0,9.894721919
970,S3_2,9/24/2016,46:40.0,20.505718
971,S3_2,9/24/2016,46:50.0,7.850068583
972,S3_2,9/24/2016,47:00.0,12.91731621
973,S3_2,9/24/2016,47:10.0,21.3416318
974,S3_2,9/24/2016,47:20.0,14.70404619
975,S3_2,9/24/2016,47:30.0,14.28689785
976,S3_2,9/24/2016,47:40.0,18.01377124
977,S3_2,9/24/2016,47:50.0,14.1173517
978,S3_2,9/24/2016,48:00.0,20.97410114
979,S3_2,9/24/2016,48:10.0,9.922297047
980,S3_2,9/24/2016,48:20.0,5.848183784
981,S3_2,9/24/2016,48:30.0,8.101761199
982,S3_2,9/24/2016,48:40.0,16.12138611
983,S3_2,9/24/2016,48:50.0,6.694882834
984,S3_2,9/24/2016,49:00.0,4.61693526
985,S3_2,9/24/2016,49:10.0,11.7100467
986,S3_2,9/24/2016,49:20.0,10.16757019
987,S3_2,9/24/2016,49:30.0,10.99166821
988,S3_2,9/24/2016,49:40.0,10.49624606
989,S3_2,9/24/2016,49:50.0,4.38666086
990,S3_2,9/24/2016,50:00.0,9.528701812
991,S3_2,9/24/2016,50:10.0,22.39220001
992,S3_2,9/24/2016,50:20.0,20.76564066
993,S3_2,9/24/2016,50:30.0,4.365602602
994,S3_2,9/24/2016,50:40.0,16.76329548
995,S3_2,9/24/2016,50:50.0,19.54941036
996,S3_2,9/24/2016,51:00.0,11.2247893
997,S3_2,9/24/2016,51:10.0,12.29196076
998,S3_2,9/24/2016,51:20.0,3.930976583
999,S3_2,9/24/2016,51:30.0,3.165893133
1000,S3_2,9/24/2016,51:40.0,19.69521171
1001,S3_2,9/24/2016,51:50.0,18.27686615
1002,S3_2,9/24/2016,52:00.0,18.71826234
1003,S3_2,9/24/2016,52:10.0,18.70640463
1004,S3_2,9/24/2016,52:20.0,7.117729666
1005,S3_2,9/24/2016,52:30.0,13.8236621
1006,S3_2,9/24/2016,52:40.0,15.87842154
1007,S3_2,9/24/2016,52:50.0,6.370708565
1008,S3_2,9/24/2016,53:00.0,4.182981618
1009,S3_2,9/24/2016,53:10.0,6.998690317
1010,S3_2,9/24/2016,53:20.0,14.5902121
1011,S3_2,9/24/2016,53:30.0,16.53756889
1012,S3_2,9/24/2016,53:40.0,16.62831664
1013,S3_2,9/24/2016,53:50.0,7.779607105
1014,S3_2,9/24/2016,54:00.0,16.0084388
1015,S3_2,9/24/2016,54:10.0,16.64590096
1016,S3_2,9/24/2016,54:20.0,18.31394991
1017,S3_2,9/24/2016,54:30.0,18.66280769
1018,S3_2,9/24/2016,54:40.0,10.45558976
1019,S3_2,9/24/2016,54:50.0,3.318418095
1020,S3_2,9/24/2016,55:00.0,19.22882981
1021,S3_2,9/24/2016,55:10.0,18.9228296
1022,S3_2,9/24/2016,55:20.0,15.31083261
1023,S3_2,9/24/2016,55:30.0,21.84743872
1024,S3_2,9/24/2016,55:40.0,6.330250621
1025,S3_2,9/24/2016,55:50.0,7.630038538
1026,S3_2,9/24/2016,56:00.0,12.79037228
1027,S3_2,9/24/2016,56:10.0,11.55074303
1028,S3_2,9/24/2016,56:20.0,3.533510627
1029,S3_2,9/24/2016,56:30.0,17.95225988
1030,S3_2,9/24/2016,56:40.0,18.81175861
1031,S3_2,9/24/2016,56:50.0,20.63668942
1032,S3_2,9/24/2016,57:00.0,17.70512543
1033,S3_2,9/24/2016,57:10.0,7.785968763
1034,S3_2,9/24/2016,57:20.0,15.97835813
1035,S3_2,9/24/2016,57:30.0,11.61405378
1036,S3_2,9/24/2016,57:40.0,3.334540973
1037,S3_2,9/24/2016,57:50.0,14.46549383
1038,S3_2,9/24/2016,58:00.0,15.36346545
1039,S3_2,9/24/2016,58:10.0,16.69800374
1040,S3_2,9/24/2016,58:20.0,3.35270005
1041,S3_2,9/24/2016,58:30.0,9.488856353
1042,S3_2,9/24/2016,58:40.0,5.711880633
1043,S3_2,9/24/2016,58:50.0,19.2197569
1044,S3_2,9/24/2016,59:00.0,20.94450653
1045,S3_2,9/24/2016,59:10.0,9.398100397
1046,S3_2,9/24/2016,59:20.0,19.53061101
1047,S3_2,9/24/2016,59:30.0,16.18441722
1048,S3_2,9/24/2016,59:40.0,21.34000159
1049,S3_2,9/24/2016,59:50.0,7.959180367
1050,S3_2,9/24/2016,00:00.0,20.01929333
1051,S4_1,9/24/2016,31:00.0,17.7496047
1052,S4_1,9/24/2016,31:10.0,14.9909133
1053,S4_1,9/24/2016,31:20.0,15.36551274
1054,S4_1,9/24/2016,31:30.0,7.185136266
1055,S4_1,9/24/2016,31:40.0,13.37242965
1056,S4_1,9/24/2016,31:50.0,18.11514715
1057,S4_1,9/24/2016,32:00.0,8.092620928
1058,S4_1,9/24/2016,32:10.0,10.43451055
1059,S4_1,9/24/2016,32:20.0,19.01854019
1060,S4_1,9/24/2016,32:30.0,7.205532527
1061,S4_1,9/24/2016,32:40.0,7.654989214
1062,S4_1,9/24/2016,32:50.0,4.575251663
1063,S4_1,9/24/2016,33:00.0,21.53172571
1064,S4_1,9/24/2016,33:10.0,13.27773095
1065,S4_1,9/24/2016,33:20.0,12.11726885
1066,S4_1,9/24/2016,33:30.0,12.94623995
1067,S4_1,9/24/2016,33:40.0,20.5041536
1068,S4_1,9/24/2016,33:50.0,14.55920681
1069,S4_1,9/24/2016,34:00.0,18.53346836
1070,S4_1,9/24/2016,34:10.0,6.468439773
1071,S4_1,9/24/2016,34:20.0,15.22359517
1072,S4_1,9/24/2016,34:30.0,14.15373078
1073,S4_1,9/24/2016,34:40.0,14.58080171
1074,S4_1,9/24/2016,34:50.0,13.89172918
1075,S4_1,9/24/2016,35:00.0,17.81703725
1076,S4_1,9/24/2016,35:10.0,8.84205314
1077,S4_1,9/24/2016,35:20.0,19.56872377
1078,S4_1,9/24/2016,35:30.0,16.62671574
1079,S4_1,9/24/2016,35:40.0,19.16988298
1080,S4_1,9/24/2016,35:50.0,17.81141618
1081,S4_1,9/24/2016,36:00.0,7.294660752
1082,S4_1,9/24/2016,36:10.0,4.073178796
1083,S4_1,9/24/2016,36:20.0,3.542708532
1084,S4_1,9/24/2016,36:30.0,4.958863668
1085,S4_1,9/24/2016,36:40.0,13.75889841
1086,S4_1,9/24/2016,36:50.0,13.17159818
1087,S4_1,9/24/2016,37:00.0,12.87399976
1088,S4_1,9/24/2016,37:10.0,13.75239377
1089,S4_1,9/24/2016,37:20.0,20.45705437
1090,S4_1,9/24/2016,37:30.0,10.28160807
1091,S4_1,9/24/2016,37:40.0,20.11013476
1092,S4_1,9/24/2016,37:50.0,20.41665856
1093,S4_1,9/24/2016,38:00.0,13.41011419
1094,S4_1,9/24/2016,38:10.0,5.865297353
1095,S4_1,9/24/2016,38:20.0,11.05454106
1096,S4_1,9/24/2016,38:30.0,17.79403868
1097,S4_1,9/24/2016,38:40.0,15.31185185
1098,S4_1,9/24/2016,38:50.0,14.34820373
1099,S4_1,9/24/2016,39:00.0,3.399974882
1100,S4_1,9/24/2016,39:10.0,21.62334636
1101,S4_1,9/24/2016,39:20.0,21.8987475
1102,S4_1,9/24/2016,39:30.0,17.25294788
1103,S4_1,9/24/2016,39:40.0,7.336172078
1104,S4_1,9/24/2016,39:50.0,21.20298085
1105,S4_1,9/24/2016,40:00.0,8.755873932
1106,S4_1,9/24/2016,40:10.0,13.53330836
1107,S4_1,9/24/2016,40:20.0,15.29597181
1108,S4_1,9/24/2016,40:30.0,5.949946246
1109,S4_1,9/24/2016,40:40.0,4.086617031
1110,S4_1,9/24/2016,40:50.0,10.39534042
1111,S4_1,9/24/2016,41:00.0,18.75277973
1112,S4_1,9/24/2016,41:10.0,14.35515244
1113,S4_1,9/24/2016,41:20.0,6.529686713
1114,S4_1,9/24/2016,41:30.0,4.464432623
1115,S4_1,9/24/2016,41:40.0,11.33573422
1116,S4_1,9/24/2016,41:50.0,16.35308994
1117,S4_1,9/24/2016,42:00.0,18.44359938
1118,S4_1,9/24/2016,42:10.0,21.67882682
1119,S4_1,9/24/2016,42:20.0,17.78280426
1120,S4_1,9/24/2016,42:30.0,9.438885685
1121,S4_1,9/24/2016,42:40.0,19.18066573
1122,S4_1,9/24/2016,42:50.0,15.31296128
1123,S4_1,9/24/2016,43:00.0,11.96993726
1124,S4_1,9/24/2016,43:10.0,20.72442818
1125,S4_1,9/24/2016,43:20.0,9.352503102
1126,S4_1,9/24/2016,43:30.0,16.78023003
1127,S4_1,9/24/2016,43:40.0,18.81991745
1128,S4_1,9/24/2016,43:50.0,18.46034312
1129,S4_1,9/24/2016,44:00.0,20.48273459
1130,S4_1,9/24/2016,44:10.0,7.622923683
1131,S4_1,9/24/2016,44:20.0,18.33164816
1132,S4_1,9/24/2016,44:30.0,16.93709078
1133,S4_1,9/24/2016,44:40.0,9.31158253
1134,S4_1,9/24/2016,44:50.0,8.418060123
1135,S4_1,9/24/2016,45:00.0,18.89351792
1136,S4_1,9/24/2016,45:10.0,13.68255898
1137,S4_1,9/24/2016,45:20.0,21.47078027
1138,S4_1,9/24/2016,45:30.0,13.7103816
1139,S4_1,9/24/2016,45:40.0,12.8319397
1140,S4_1,9/24/2016,45:50.0,8.269363006
1141,S4_1,9/24/2016,46:00.0,5.142189446
1142,S4_1,9/24/2016,46:10.0,21.3165764
1143,S4_1,9/24/2016,46:20.0,19.71795674
1144,S4_1,9/24/2016,46:30.0,17.06783178
1145,S4_1,9/24/2016,46:40.0,12.53564815
1146,S4_1,9/24/2016,46:50.0,11.14371007
1147,S4_1,9/24/2016,47:00.0,15.10238312
1148,S4_1,9/24/2016,47:10.0,6.82658932
1149,S4_1,9/24/2016,47:20.0,6.852368813
1150,S4_1,9/24/2016,47:30.0,17.27364661
1151,S4_1,9/24/2016,47:40.0,18.20055365
1152,S4_1,9/24/2016,47:50.0,17.85727766
1153,S4_1,9/24/2016,48:00.0,9.841169787
1154,S4_1,9/24/2016,48:10.0,15.78073504
1155,S4_1,9/24/2016,48:20.0,3.678869597
1156,S4_1,9/24/2016,48:30.0,17.33808601
1157,S4_1,9/24/2016,48:40.0,16.00820078
1158,S4_1,9/24/2016,48:50.0,4.030240519
1159,S4_1,9/24/2016,49:00.0,12.97984659
1160,S4_1,9/24/2016,49:10.0,6.947182071
1161,S4_1,9/24/2016,49:20.0,19.35483144
1162,S4_1,9/24/2016,49:30.0,20.0416714
1163,S4_1,9/24/2016,49:40.0,22.30881783
1164,S4_1,9/24/2016,49:50.0,19.54248698
1165,S4_1,9/24/2016,50:00.0,14.62118661
1166,S4_1,9/24/2016,50:10.0,14.18196693
1167,S4_1,9/24/2016,50:20.0,4.480684316
1168,S4_1,9/24/2016,50:30.0,21.41539182
1169,S4_1,9/24/2016,50:40.0,21.52411831
1170,S4_1,9/24/2016,50:50.0,16.92941901
1171,S4_1,9/24/2016,51:00.0,18.62049584
1172,S4_1,9/24/2016,51:10.0,9.856414023
1173,S4_1,9/24/2016,51:20.0,9.527190562
1174,S4_1,9/24/2016,51:30.0,19.95403533
1175,S4_1,9/24/2016,51:40.0,3.457774172
1176,S4_1,9/24/2016,51:50.0,15.77365721
1177,S4_1,9/24/2016,52:00.0,7.047133003
1178,S4_1,9/24/2016,52:10.0,4.489717379
1179,S4_1,9/24/2016,52:20.0,9.157177455
1180,S4_1,9/24/2016,52:30.0,15.71641854
1181,S4_1,9/24/2016,52:40.0,11.46425164
1182,S4_1,9/24/2016,52:50.0,8.421071086
1183,S4_1,9/24/2016,53:00.0,12.92776234
1184,S4_1,9/24/2016,53:10.0,4.298815461
1185,S4_1,9/24/2016,53:20.0,20.06799509
1186,S4_1,9/24/2016,53:30.0,7.021884296
1187,S4_1,9/24/2016,53:40.0,14.05668712
1188,S4_1,9/24/2016,53:50.0,6.385274851
1189,S4_1,9/24/2016,54:00.0,3.439511225
1190,S4_1,9/24/2016,54:10.0,14.68081422
1191,S4_1,9/24/2016,54:20.0,12.41005312
1192,S4_1,9/24/2016,54:30.0,10.70889152
1193,S4_1,9/24/2016,54:40.0,18.60959871
1194,S4_1,9/24/2016,54:50.0,20.79645968
1195,S4_1,9/24/2016,55:00.0,17.23726805
1196,S4_1,9/24/2016,55:10.0,21.86522494
1197,S4_1,9/24/2016,55:20.0,7.987077308
1198,S4_1,9/24/2016,55:30.0,4.040405973
1199,S4_1,9/24/2016,55:40.0,13.92465034
1200,S4_1,9/24/2016,55:50.0,20.44683023
1201,S4_1,9/24/2016,56:00.0,4.577848901
1202,S4_1,9/24/2016,56:10.0,12.0951553
1203,S4_1,9/24/2016,56:20.0,15.52757797
1204,S4_1,9/24/2016,56:30.0,12.10506734
1205,S4_1,9/24/2016,56:40.0,10.53297236
1206,S4_1,9/24/2016,56:50.0,3.583721368
1207,S4_1,9/24/2016,57:00.0,18.01908894
1208,S4_1,9/24/2016,57:10.0,22.60663354
1209,S4_1,9/24/2016,57:20.0,13.51184855
1210,S4_1,9/24/2016,57:30.0,4.152235488
1211,S4_1,9/24/2016,57:40.0,15.20284644
1212,S4_1,9/24/2016,57:50.0,4.892145564
1213,S4_1,9/24/2016,58:00.0,20.47975638
1214,S4_1,9/24/2016,58:10.0,14.04052417
1215,S4_1,9/24/2016,58:20.0,21.04612074
1216,S4_1,9/24/2016,58:30.0,6.370464372
1217,S4_1,9/24/2016,58:40.0,20.15640251
1218,S4_1,9/24/2016,58:50.0,3.48234949
1219,S4_1,9/24/2016,59:00.0,18.16897439
1220,S4_1,9/24/2016,59:10.0,14.93247594
1221,S4_1,9/24/2016,59:20.0,21.24670414
1222,S4_1,9/24/2016,59:30.0,3.97533142
1223,S4_1,9/24/2016,59:40.0,10.70957461
1224,S4_1,9/24/2016,59:50.0,17.25660735
1225,S4_1,9/24/2016,00:00.0,15.45383078
1226,S4_2,9/24/2016,31:00.0,17.74553815
1227,S4_2,9/24/2016,31:10.0,22.34247309
1228,S4_2,9/24/2016,31:20.0,6.07349262
1229,S4_2,9/24/2016,31:30.0,16.0853091
1230,S4_2,9/24/2016,31:40.0,8.556910471
1231,S4_2,9/24/2016,31:50.0,5.226862774
1232,S4_2,9/24/2016,32:00.0,6.356693575
1233,S4_2,9/24/2016,32:10.0,11.18822977
1234,S4_2,9/24/2016,32:20.0,22.92821311
1235,S4_2,9/24/2016,32:30.0,16.96619494
1236,S4_2,9/24/2016,32:40.0,3.159101581
1237,S4_2,9/24/2016,32:50.0,10.85926402
1238,S4_2,9/24/2016,33:00.0,11.64647008
1239,S4_2,9/24/2016,33:10.0,18.08155543
1240,S4_2,9/24/2016,33:20.0,6.250054134
1241,S4_2,9/24/2016,33:30.0,11.40966771
1242,S4_2,9/24/2016,33:40.0,5.711914216
1243,S4_2,9/24/2016,33:50.0,15.28448706
1244,S4_2,9/24/2016,34:00.0,19.75438703
1245,S4_2,9/24/2016,34:10.0,8.005882239
1246,S4_2,9/24/2016,34:20.0,16.42516281
1247,S4_2,9/24/2016,34:30.0,15.14269255
1248,S4_2,9/24/2016,34:40.0,18.93142557
1249,S4_2,9/24/2016,34:50.0,9.55517211
1250,S4_2,9/24/2016,35:00.0,11.52700977
1251,S4_2,9/24/2016,35:10.0,12.96367333
1252,S4_2,9/24/2016,35:20.0,4.055423289
1253,S4_2,9/24/2016,35:30.0,22.91386094
1254,S4_2,9/24/2016,35:40.0,6.21898721
1255,S4_2,9/24/2016,35:50.0,17.54293627
1256,S4_2,9/24/2016,36:00.0,10.12691699
1257,S4_2,9/24/2016,36:10.0,4.617903337
1258,S4_2,9/24/2016,36:20.0,11.70283606
1259,S4_2,9/24/2016,36:30.0,20.15535268
1260,S4_2,9/24/2016,36:40.0,3.512112489
1261,S4_2,9/24/2016,36:50.0,6.059043156
1262,S4_2,9/24/2016,37:00.0,10.66760231
1263,S4_2,9/24/2016,37:10.0,13.06923251
1264,S4_2,9/24/2016,37:20.0,8.816650656
1265,S4_2,9/24/2016,37:30.0,7.780857181
1266,S4_2,9/24/2016,37:40.0,3.924665002
1267,S4_2,9/24/2016,37:50.0,9.55735295
1268,S4_2,9/24/2016,38:00.0,5.73052365
1269,S4_2,9/24/2016,38:10.0,8.737759476
1270,S4_2,9/24/2016,38:20.0,5.195111845
1271,S4_2,9/24/2016,38:30.0,11.36383763
1272,S4_2,9/24/2016,38:40.0,15.3482917
1273,S4_2,9/24/2016,38:50.0,15.88114703
1274,S4_2,9/24/2016,39:00.0,10.35452962
1275,S4_2,9/24/2016,39:10.0,9.293952912
1276,S4_2,9/24/2016,39:20.0,8.717234234
1277,S4_2,9/24/2016,39:30.0,7.827865141
1278,S4_2,9/24/2016,39:40.0,22.31308499
1279,S4_2,9/24/2016,39:50.0,20.57227883
1280,S4_2,9/24/2016,40:00.0,12.549527
1281,S4_2,9/24/2016,40:10.0,16.80251353
1282,S4_2,9/24/2016,40:20.0,3.304395007
1283,S4_2,9/24/2016,40:30.0,10.53969321
1284,S4_2,9/24/2016,40:40.0,18.38584745
1285,S4_2,9/24/2016,40:50.0,6.684403811
1286,S4_2,9/24/2016,41:00.0,19.68463067
1287,S4_2,9/24/2016,41:10.0,17.27225869
1288,S4_2,9/24/2016,41:20.0,18.00609359
1289,S4_2,9/24/2016,41:30.0,7.68618687
1290,S4_2,9/24/2016,41:40.0,8.664911551
1291,S4_2,9/24/2016,41:50.0,12.31732543
1292,S4_2,9/24/2016,42:00.0,20.66326958
1293,S4_2,9/24/2016,42:10.0,21.95672992
1294,S4_2,9/24/2016,42:20.0,20.89984233
1295,S4_2,9/24/2016,42:30.0,8.356341276
1296,S4_2,9/24/2016,42:40.0,10.47219086
1297,S4_2,9/24/2016,42:50.0,5.618807455
1298,S4_2,9/24/2016,43:00.0,6.300349021
1299,S4_2,9/24/2016,43:10.0,10.47660715
1300,S4_2,9/24/2016,43:20.0,19.15268657
1301,S4_2,9/24/2016,43:30.0,13.32223207
1302,S4_2,9/24/2016,43:40.0,5.309769415
1303,S4_2,9/24/2016,43:50.0,22.09159373
1304,S4_2,9/24/2016,44:00.0,19.87893372
1305,S4_2,9/24/2016,44:10.0,4.485150637
1306,S4_2,9/24/2016,44:20.0,21.57568775
1307,S4_2,9/24/2016,44:30.0,18.08299578
1308,S4_2,9/24/2016,44:40.0,17.38050148
1309,S4_2,9/24/2016,44:50.0,15.95656221
1310,S4_2,9/24/2016,45:00.0,13.15514729
1311,S4_2,9/24/2016,45:10.0,7.002294653
1312,S4_2,9/24/2016,45:20.0,21.24755674
1313,S4_2,9/24/2016,45:30.0,10.84851797
1314,S4_2,9/24/2016,45:40.0,18.20489013
1315,S4_2,9/24/2016,45:50.0,18.00283257
1316,S4_2,9/24/2016,46:00.0,10.6751143
1317,S4_2,9/24/2016,46:10.0,9.642959081
1318,S4_2,9/24/2016,46:20.0,4.269889254
1319,S4_2,9/24/2016,46:30.0,9.471946459
1320,S4_2,9/24/2016,46:40.0,7.519956
1321,S4_2,9/24/2016,46:50.0,15.6651861
1322,S4_2,9/24/2016,47:00.0,19.83865226
1323,S4_2,9/24/2016,47:10.0,20.49323095
1324,S4_2,9/24/2016,47:20.0,20.3832697
1325,S4_2,9/24/2016,47:30.0,6.262649181
1326,S4_2,9/24/2016,47:40.0,21.59809345
1327,S4_2,9/24/2016,47:50.0,22.60300092
1328,S4_2,9/24/2016,48:00.0,16.88886036
1329,S4_2,9/24/2016,48:10.0,15.3607316
1330,S4_2,9/24/2016,48:20.0,16.3441741
1331,S4_2,9/24/2016,48:30.0,13.34130706
1332,S4_2,9/24/2016,48:40.0,22.86447609
1333,S4_2,9/24/2016,48:50.0,15.44429568
1334,S4_2,9/24/2016,49:00.0,8.914061285
1335,S4_2,9/24/2016,49:10.0,8.963455544
1336,S4_2,9/24/2016,49:20.0,4.455994065
1337,S4_2,9/24/2016,49:30.0,22.55071531
1338,S4_2,9/24/2016,49:40.0,15.59743545
1339,S4_2,9/24/2016,49:50.0,8.682880824
1340,S4_2,9/24/2016,50:00.0,4.075008285
1341,S4_2,9/24/2016,50:10.0,19.89946479
1342,S4_2,9/24/2016,50:20.0,5.893955961
1343,S4_2,9/24/2016,50:30.0,6.506321839
1344,S4_2,9/24/2016,50:40.0,20.11265623
1345,S4_2,9/24/2016,50:50.0,21.36530581
1346,S4_2,9/24/2016,51:00.0,8.858832176
1347,S4_2,9/24/2016,51:10.0,4.030531068
1348,S4_2,9/24/2016,51:20.0,12.08649884
1349,S4_2,9/24/2016,51:30.0,17.8453471
1350,S4_2,9/24/2016,51:40.0,14.70754613
1351,S4_2,9/24/2016,51:50.0,22.40790837
1352,S4_2,9/24/2016,52:00.0,15.08087404
1353,S4_2,9/24/2016,52:10.0,16.90118991
1354,S4_2,9/24/2016,52:20.0,22.00913264
1355,S4_2,9/24/2016,52:30.0,22.60358138
1356,S4_2,9/24/2016,52:40.0,22.23914665
1357,S4_2,9/24/2016,52:50.0,19.15215653
1358,S4_2,9/24/2016,53:00.0,16.28197299
1359,S4_2,9/24/2016,53:10.0,10.85109447
1360,S4_2,9/24/2016,53:20.0,10.53929821
1361,S4_2,9/24/2016,53:30.0,14.47801311
1362,S4_2,9/24/2016,53:40.0,14.35798618
1363,S4_2,9/24/2016,53:50.0,9.192538817
1364,S4_2,9/24/2016,54:00.0,8.045627825
1365,S4_2,9/24/2016,54:10.0,21.6587691
1366,S4_2,9/24/2016,54:20.0,4.730506101
1367,S4_2,9/24/2016,54:30.0,20.70540026
1368,S4_2,9/24/2016,54:40.0,3.600283365
1369,S4_2,9/24/2016,54:50.0,5.165072023
1370,S4_2,9/24/2016,55:00.0,5.631792415
1371,S4_2,9/24/2016,55:10.0,17.09542636
1372,S4_2,9/24/2016,55:20.0,3.548913722
1373,S4_2,9/24/2016,55:30.0,8.846714807
1374,S4_2,9/24/2016,55:40.0,6.103305916
1375,S4_2,9/24/2016,55:50.0,8.539112274
1376,S4_2,9/24/2016,56:00.0,12.50694546
1377,S4_2,9/24/2016,56:10.0,9.513070627
1378,S4_2,9/24/2016,56:20.0,11.19776497
1379,S4_2,9/24/2016,56:30.0,19.88787237
1380,S4_2,9/24/2016,56:40.0,18.19941354
1381,S4_2,9/24/2016,56:50.0,17.03114441
1382,S4_2,9/24/2016,57:00.0,19.61964487
1383,S4_2,9/24/2016,57:10.0,17.71193915
1384,S4_2,9/24/2016,57:20.0,4.199456484
1385,S4_2,9/24/2016,57:30.0,15.74397058
1386,S4_2,9/24/2016,57:40.0,20.69528645
1387,S4_2,9/24/2016,57:50.0,13.12944784
1388,S4_2,9/24/2016,58:00.0,13.72152605
1389,S4_2,9/24/2016,58:10.0,15.01749949
1390,S4_2,9/24/2016,58:20.0,19.62841116
1391,S4_2,9/24/2016,58:30.0,7.954122408
1392,S4_2,9/24/2016,58:40.0,6.852725684
1393,S4_2,9/24/2016,58:50.0,4.35900415
1394,S4_2,9/24/2016,59:00.0,13.76606526
1395,S4_2,9/24/2016,59:10.0,9.577442082
1396,S4_2,9/24/2016,59:20.0,5.813310016
1397,S4_2,9/24/2016,59:30.0,12.75733273
1398,S4_2,9/24/2016,59:40.0,13.99158594
1399,S4_2,9/24/2016,59:50.0,18.85593833
1400,S4_2,9/24/2016,00:00.0,3.404336506
1401,S5_1,9/24/2016,31:00.0,18.12784698
1402,S5_1,9/24/2016,31:10.0,8.170005058
1403,S5_1,9/24/2016,31:20.0,15.02616653
1404,S5_1,9/24/2016,31:30.0,16.40430822
1405,S5_1,9/24/2016,31:40.0,8.336358245
1406,S5_1,9/24/2016,31:50.0,20.09951828
1407,S5_1,9/24/2016,32:00.0,11.55494803
1408,S5_1,9/24/2016,32:10.0,12.78823829
1409,S5_1,9/24/2016,32:20.0,20.30872181
1410,S5_1,9/24/2016,32:30.0,8.444755174
1411,S5_1,9/24/2016,32:40.0,8.635772723
1412,S5_1,9/24/2016,32:50.0,6.664448514
1413,S5_1,9/24/2016,33:00.0,8.892234687
1414,S5_1,9/24/2016,33:10.0,9.257327441
1415,S5_1,9/24/2016,33:20.0,21.32457285
1416,S5_1,9/24/2016,33:30.0,7.019641178
1417,S5_1,9/24/2016,33:40.0,17.62985123
1418,S5_1,9/24/2016,33:50.0,19.38623508
1419,S5_1,9/24/2016,34:00.0,6.82167638
1420,S5_1,9/24/2016,34:10.0,6.158594503
1421,S5_1,9/24/2016,34:20.0,9.910859067
1422,S5_1,9/24/2016,34:30.0,13.6322839
1423,S5_1,9/24/2016,34:40.0,3.99317435
1424,S5_1,9/24/2016,34:50.0,6.280861719
1425,S5_1,9/24/2016,35:00.0,7.634130558
1426,S5_1,9/24/2016,35:10.0,19.70390797
1427,S5_1,9/24/2016,35:20.0,12.74296776
1428,S5_1,9/24/2016,35:30.0,7.103916739
1429,S5_1,9/24/2016,35:40.0,9.11201831
1430,S5_1,9/24/2016,35:50.0,8.60923911
1431,S5_1,9/24/2016,36:00.0,3.944647569
1432,S5_1,9/24/2016,36:10.0,15.16871531
1433,S5_1,9/24/2016,36:20.0,19.93904354
1434,S5_1,9/24/2016,36:30.0,14.30973238
1435,S5_1,9/24/2016,36:40.0,6.585388513
1436,S5_1,9/24/2016,36:50.0,10.73779331
1437,S5_1,9/24/2016,37:00.0,7.019101169
1438,S5_1,9/24/2016,37:10.0,8.470694652
1439,S5_1,9/24/2016,37:20.0,20.88633563
1440,S5_1,9/24/2016,37:30.0,14.25336946
1441,S5_1,9/24/2016,37:40.0,15.7613554
1442,S5_1,9/24/2016,37:50.0,12.6152975
1443,S5_1,9/24/2016,38:00.0,7.155085681
1444,S5_1,9/24/2016,38:10.0,14.09819086
1445,S5_1,9/24/2016,38:20.0,21.19212062
1446,S5_1,9/24/2016,38:30.0,12.39029167
1447,S5_1,9/24/2016,38:40.0,21.17871031
1448,S5_1,9/24/2016,38:50.0,14.09418812
1449,S5_1,9/24/2016,39:00.0,21.34935789
1450,S5_1,9/24/2016,39:10.0,16.85698042
1451,S5_1,9/24/2016,39:20.0,3.65209443
1452,S5_1,9/24/2016,39:30.0,20.04818999
1453,S5_1,9/24/2016,39:40.0,19.27344286
1454,S5_1,9/24/2016,39:50.0,17.58545554
1455,S5_1,9/24/2016,40:00.0,14.82889169
1456,S5_1,9/24/2016,40:10.0,6.123352557
1457,S5_1,9/24/2016,40:20.0,15.35553856
1458,S5_1,9/24/2016,40:30.0,22.04982256
1459,S5_1,9/24/2016,40:40.0,10.93111913
1460,S5_1,9/24/2016,40:50.0,16.50244504
1461,S5_1,9/24/2016,41:00.0,9.37642853
1462,S5_1,9/24/2016,41:10.0,14.44392658
1463,S5_1,9/24/2016,41:20.0,19.81660725
1464,S5_1,9/24/2016,41:30.0,16.32671689
1465,S5_1,9/24/2016,41:40.0,11.4356837
1466,S5_1,9/24/2016,41:50.0,15.37726764
1467,S5_1,9/24/2016,42:00.0,13.5752985
1468,S5_1,9/24/2016,42:10.0,21.6885324
1469,S5_1,9/24/2016,42:20.0,19.55453501
1470,S5_1,9/24/2016,42:30.0,8.897978754
1471,S5_1,9/24/2016,42:40.0,20.96738189
1472,S5_1,9/24/2016,42:50.0,9.542267104
1473,S5_1,9/24/2016,43:00.0,19.47056389
1474,S5_1,9/24/2016,43:10.0,7.901318616
1475,S5_1,9/24/2016,43:20.0,18.43758524
1476,S5_1,9/24/2016,43:30.0,8.923191816
1477,S5_1,9/24/2016,43:40.0,20.32063456
1478,S5_1,9/24/2016,43:50.0,20.53603488
1479,S5_1,9/24/2016,44:00.0,17.51939458
1480,S5_1,9/24/2016,44:10.0,22.15432366
1481,S5_1,9/24/2016,44:20.0,3.431546142
1482,S5_1,9/24/2016,44:30.0,12.48945643
1483,S5_1,9/24/2016,44:40.0,11.63766011
1484,S5_1,9/24/2016,44:50.0,4.028393167
1485,S5_1,9/24/2016,45:00.0,11.07422265
1486,S5_1,9/24/2016,45:10.0,18.15065289
1487,S5_1,9/24/2016,45:20.0,13.91014513
1488,S5_1,9/24/2016,45:30.0,15.09025949
1489,S5_1,9/24/2016,45:40.0,8.203017124
1490,S5_1,9/24/2016,45:50.0,19.02510936
1491,S5_1,9/24/2016,46:00.0,3.554129721
1492,S5_1,9/24/2016,46:10.0,15.16290417
1493,S5_1,9/24/2016,46:20.0,7.419843723
1494,S5_1,9/24/2016,46:30.0,6.653658777
1495,S5_1,9/24/2016,46:40.0,11.7207448
1496,S5_1,9/24/2016,46:50.0,18.39941373
1497,S5_1,9/24/2016,47:00.0,4.814736024
1498,S5_1,9/24/2016,47:10.0,18.84392366
1499,S5_1,9/24/2016,47:20.0,14.78824562
1500,S5_1,9/24/2016,47:30.0,13.77402995
1501,S5_1,9/24/2016,47:40.0,21.51446212
1502,S5_1,9/24/2016,47:50.0,19.12423132
1503,S5_1,9/24/2016,48:00.0,11.64377816
1504,S5_1,9/24/2016,48:10.0,12.8971375
1505,S5_1,9/24/2016,48:20.0,19.07524975
1506,S5_1,9/24/2016,48:30.0,22.47664843
1507,S5_1,9/24/2016,48:40.0,4.656457379
1508,S5_1,9/24/2016,48:50.0,13.3164525
1509,S5_1,9/24/2016,49:00.0,13.72889272
1510,S5_1,9/24/2016,49:10.0,4.16012895
1511,S5_1,9/24/2016,49:20.0,6.934193044
1512,S5_1,9/24/2016,49:30.0,17.42918255
1513,S5_1,9/24/2016,49:40.0,8.099182085
1514,S5_1,9/24/2016,49:50.0,8.49463969
1515,S5_1,9/24/2016,50:00.0,13.07516002
1516,S5_1,9/24/2016,50:10.0,6.629990532
1517,S5_1,9/24/2016,50:20.0,12.55137688
1518,S5_1,9/24/2016,50:30.0,9.105078554
1519,S5_1,9/24/2016,50:40.0,20.00841214
1520,S5_1,9/24/2016,50:50.0,17.85452257
1521,S5_1,9/24/2016,51:00.0,22.93761481
1522,S5_1,9/24/2016,51:10.0,16.81786914
1523,S5_1,9/24/2016,51:20.0,14.17068547
1524,S5_1,9/24/2016,51:30.0,19.10911411
1525,S5_1,9/24/2016,51:40.0,13.19366044
1526,S5_1,9/24/2016,51:50.0,3.277602539
1527,S5_1,9/24/2016,52:00.0,10.09160821
1528,S5_1,9/24/2016,52:10.0,3.695932319
1529,S5_1,9/24/2016,52:20.0,21.97075413
1530,S5_1,9/24/2016,52:30.0,17.03149723
1531,S5_1,9/24/2016,52:40.0,3.714012397
1532,S5_1,9/24/2016,52:50.0,4.345481055
1533,S5_1,9/24/2016,53:00.0,13.9411016
1534,S5_1,9/24/2016,53:10.0,22.55252085
1535,S5_1,9/24/2016,53:20.0,8.576702506
1536,S5_1,9/24/2016,53:30.0,15.2686801
1537,S5_1,9/24/2016,53:40.0,14.88399486
1538,S5_1,9/24/2016,53:50.0,7.237290525
1539,S5_1,9/24/2016,54:00.0,3.982214628
1540,S5_1,9/24/2016,54:10.0,11.98963721
1541,S5_1,9/24/2016,54:20.0,5.327093386
1542,S5_1,9/24/2016,54:30.0,13.58887891
1543,S5_1,9/24/2016,54:40.0,19.86580825
1544,S5_1,9/24/2016,54:50.0,19.05197332
1545,S5_1,9/24/2016,55:00.0,22.67938358
1546,S5_1,9/24/2016,55:10.0,6.133634552
1547,S5_1,9/24/2016,55:20.0,18.74457404
1548,S5_1,9/24/2016,55:30.0,16.99288545
1549,S5_1,9/24/2016,55:40.0,15.00650155
1550,S5_1,9/24/2016,55:50.0,15.77632184
1551,S5_1,9/24/2016,56:00.0,20.63301095
1552,S5_1,9/24/2016,56:10.0,8.911482638
1553,S5_1,9/24/2016,56:20.0,22.19660914
1554,S5_1,9/24/2016,56:30.0,16.95090679
1555,S5_1,9/24/2016,56:40.0,6.674905626
1556,S5_1,9/24/2016,56:50.0,9.993454341
1557,S5_1,9/24/2016,57:00.0,10.61025344
1558,S5_1,9/24/2016,57:10.0,6.784482747
1559,S5_1,9/24/2016,57:20.0,19.8305653
1560,S5_1,9/24/2016,57:30.0,14.11173744
1561,S5_1,9/24/2016,57:40.0,10.86379839
1562,S5_1,9/24/2016,57:50.0,12.73966698
1563,S5_1,9/24/2016,58:00.0,20.73838332
1564,S5_1,9/24/2016,58:10.0,22.33914941
1565,S5_1,9/24/2016,58:20.0,20.91096194
1566,S5_1,9/24/2016,58:30.0,18.59225231
1567,S5_1,9/24/2016,58:40.0,13.31127341
1568,S5_1,9/24/2016,58:50.0,17.76743316
1569,S5_1,9/24/2016,59:00.0,15.82379378
1570,S5_1,9/24/2016,59:10.0,21.78727372
1571,S5_1,9/24/2016,59:20.0,19.34745454
1572,S5_1,9/24/2016,59:30.0,16.68998787
1573,S5_1,9/24/2016,59:40.0,21.56302617
1574,S5_1,9/24/2016,59:50.0,15.50758528
1575,S5_1,9/24/2016,00:00.0,5.226175959
1576,S5_2,9/24/2016,31:00.0,15.19955616
1577,S5_2,9/24/2016,31:10.0,19.21977763
1578,S5_2,9/24/2016,31:20.0,15.05882242
1579,S5_2,9/24/2016,31:30.0,10.02742597
1580,S5_2,9/24/2016,31:40.0,3.273529887
1581,S5_2,9/24/2016,31:50.0,14.96994566
1582,S5_2,9/24/2016,32:00.0,8.496004119
1583,S5_2,9/24/2016,32:10.0,22.41301061
1584,S5_2,9/24/2016,32:20.0,14.48538964
1585,S5_2,9/24/2016,32:30.0,11.44026676
1586,S5_2,9/24/2016,32:40.0,19.94243345
1587,S5_2,9/24/2016,32:50.0,3.751068567
1588,S5_2,9/24/2016,33:00.0,15.03283673
1589,S5_2,9/24/2016,33:10.0,7.580093513
1590,S5_2,9/24/2016,33:20.0,8.222951637
1591,S5_2,9/24/2016,33:30.0,11.42786366
1592,S5_2,9/24/2016,33:40.0,12.49715061
1593,S5_2,9/24/2016,33:50.0,5.070385595
1594,S5_2,9/24/2016,34:00.0,11.03981412
1595,S5_2,9/24/2016,34:10.0,9.364516283
1596,S5_2,9/24/2016,34:20.0,16.12150565
1597,S5_2,9/24/2016,34:30.0,17.20139633
1598,S5_2,9/24/2016,34:40.0,5.83934839
1599,S5_2,9/24/2016,34:50.0,9.808971351
1600,S5_2,9/24/2016,35:00.0,12.21307447
1601,S5_2,9/24/2016,35:10.0,9.054244168
1602,S5_2,9/24/2016,35:20.0,18.84628806
1603,S5_2,9/24/2016,35:30.0,18.3425045
1604,S5_2,9/24/2016,35:40.0,20.7265258
1605,S5_2,9/24/2016,35:50.0,17.29231565
1606,S5_2,9/24/2016,36:00.0,9.983966375
1607,S5_2,9/24/2016,36:10.0,11.40711072
1608,S5_2,9/24/2016,36:20.0,13.16799458
1609,S5_2,9/24/2016,36:30.0,21.94490857
1610,S5_2,9/24/2016,36:40.0,6.64552685
1611,S5_2,9/24/2016,36:50.0,22.65746894
1612,S5_2,9/24/2016,37:00.0,5.591517041
1613,S5_2,9/24/2016,37:10.0,14.00789922
1614,S5_2,9/24/2016,37:20.0,18.56132896
1615,S5_2,9/24/2016,37:30.0,5.906646178
1616,S5_2,9/24/2016,37:40.0,16.11460944
1617,S5_2,9/24/2016,37:50.0,13.28414251
1618,S5_2,9/24/2016,38:00.0,3.926981442
1619,S5_2,9/24/2016,38:10.0,18.01262053
1620,S5_2,9/24/2016,38:20.0,6.591844975
1621,S5_2,9/24/2016,38:30.0,6.290484548
1622,S5_2,9/24/2016,38:40.0,17.21024283
1623,S5_2,9/24/2016,38:50.0,11.83436
1624,S5_2,9/24/2016,39:00.0,13.84130395
1625,S5_2,9/24/2016,39:10.0,5.780512501
1626,S5_2,9/24/2016,39:20.0,8.526222831
1627,S5_2,9/24/2016,39:30.0,10.3410741
1628,S5_2,9/24/2016,39:40.0,15.55557087
1629,S5_2,9/24/2016,39:50.0,21.06042289
1630,S5_2,9/24/2016,40:00.0,18.14473122
1631,S5_2,9/24/2016,40:10.0,4.501177005
1632,S5_2,9/24/2016,40:20.0,20.86747327
1633,S5_2,9/24/2016,40:30.0,9.226106916
1634,S5_2,9/24/2016,40:40.0,17.94346911
1635,S5_2,9/24/2016,40:50.0,10.38483996
1636,S5_2,9/24/2016,41:00.0,5.594434231
1637,S5_2,9/24/2016,41:10.0,18.14273409
1638,S5_2,9/24/2016,41:20.0,22.08266055
1639,S5_2,9/24/2016,41:30.0,22.44420645
1640,S5_2,9/24/2016,41:40.0,7.865454381
1641,S5_2,9/24/2016,41:50.0,21.87906349
1642,S5_2,9/24/2016,42:00.0,7.133739451
1643,S5_2,9/24/2016,42:10.0,20.5379958
1644,S5_2,9/24/2016,42:20.0,3.027742182
1645,S5_2,9/24/2016,42:30.0,7.788682279
1646,S5_2,9/24/2016,42:40.0,5.144533293
1647,S5_2,9/24/2016,42:50.0,4.515213377
1648,S5_2,9/24/2016,43:00.0,17.8277392
1649,S5_2,9/24/2016,43:10.0,13.09676395
1650,S5_2,9/24/2016,43:20.0,13.29777133
1651,S5_2,9/24/2016,43:30.0,22.52897118
1652,S5_2,9/24/2016,43:40.0,18.65983631
1653,S5_2,9/24/2016,43:50.0,21.1563161
1654,S5_2,9/24/2016,44:00.0,7.269727448
1655,S5_2,9/24/2016,44:10.0,4.359583209
1656,S5_2,9/24/2016,44:20.0,10.88646211
1657,S5_2,9/24/2016,44:30.0,20.81519705
1658,S5_2,9/24/2016,44:40.0,20.97358634
1659,S5_2,9/24/2016,44:50.0,9.693042252
1660,S5_2,9/24/2016,45:00.0,7.691947226
1661,S5_2,9/24/2016,45:10.0,10.87078406
1662,S5_2,9/24/2016,45:20.0,3.62370273
1663,S5_2,9/24/2016,45:30.0,15.56654922
1664,S5_2,9/24/2016,45:40.0,11.27043386
1665,S5_2,9/24/2016,45:50.0,21.11155414
1666,S5_2,9/24/2016,46:00.0,15.46094771
1667,S5_2,9/24/2016,46:10.0,17.34304355
1668,S5_2,9/24/2016,46:20.0,12.37373417
1669,S5_2,9/24/2016,46:30.0,17.02685602
1670,S5_2,9/24/2016,46:40.0,8.845582488
1671,S5_2,9/24/2016,46:50.0,20.92420308
1672,S5_2,9/24/2016,47:00.0,22.70316653
1673,S5_2,9/24/2016,47:10.0,19.95415896
1674,S5_2,9/24/2016,47:20.0,20.34034342
1675,S5_2,9/24/2016,47:30.0,19.1611084
1676,S5_2,9/24/2016,47:40.0,20.88428418
1677,S5_2,9/24/2016,47:50.0,12.58435461
1678,S5_2,9/24/2016,48:00.0,18.00667539
1679,S5_2,9/24/2016,48:10.0,7.572873452
1680,S5_2,9/24/2016,48:20.0,20.18266694
1681,S5_2,9/24/2016,48:30.0,8.156496421
1682,S5_2,9/24/2016,48:40.0,3.213754478
1683,S5_2,9/24/2016,48:50.0,20.35504397
1684,S5_2,9/24/2016,49:00.0,4.789394885
1685,S5_2,9/24/2016,49:10.0,14.96845822
1686,S5_2,9/24/2016,49:20.0,6.558317634
1687,S5_2,9/24/2016,49:30.0,8.964283188
1688,S5_2,9/24/2016,49:40.0,4.940976608
1689,S5_2,9/24/2016,49:50.0,3.101615538
1690,S5_2,9/24/2016,50:00.0,17.55737675
1691,S5_2,9/24/2016,50:10.0,8.088617134
1692,S5_2,9/24/2016,50:20.0,7.874664361
1693,S5_2,9/24/2016,50:30.0,8.518214506
1694,S5_2,9/24/2016,50:40.0,20.74115953
1695,S5_2,9/24/2016,50:50.0,17.50160773
1696,S5_2,9/24/2016,51:00.0,10.9919142
1697,S5_2,9/24/2016,51:10.0,13.44082933
1698,S5_2,9/24/2016,51:20.0,5.070669416
1699,S5_2,9/24/2016,51:30.0,13.50608739
1700,S5_2,9/24/2016,51:40.0,13.22870044
1701,S5_2,9/24/2016,51:50.0,3.883705787
1702,S5_2,9/24/2016,52:00.0,4.271572484
1703,S5_2,9/24/2016,52:10.0,12.18895763
1704,S5_2,9/24/2016,52:20.0,19.41363687
1705,S5_2,9/24/2016,52:30.0,5.825677961
1706,S5_2,9/24/2016,52:40.0,3.811166985
1707,S5_2,9/24/2016,52:50.0,20.32745396
1708,S5_2,9/24/2016,53:00.0,21.12939861
1709,S5_2,9/24/2016,53:10.0,3.333336199
1710,S5_2,9/24/2016,53:20.0,15.54218445
1711,S5_2,9/24/2016,53:30.0,22.55924537
1712,S5_2,9/24/2016,53:40.0,9.313063697
1713,S5_2,9/24/2016,53:50.0,10.06140536
1714,S5_2,9/24/2016,54:00.0,6.668630283
1715,S5_2,9/24/2016,54:10.0,6.295084404
1716,S5_2,9/24/2016,54:20.0,15.70918417
1717,S5_2,9/24/2016,54:30.0,13.98422497
1718,S5_2,9/24/2016,54:40.0,12.87249566
1719,S5_2,9/24/2016,54:50.0,3.099571799
1720,S5_2,9/24/2016,55:00.0,21.72990377
1721,S5_2,9/24/2016,55:10.0,12.27001027
1722,S5_2,9/24/2016,55:20.0,20.14769357
1723,S5_2,9/24/2016,55:30.0,13.14852452
1724,S5_2,9/24/2016,55:40.0,21.7518731
1725,S5_2,9/24/2016,55:50.0,16.3125981
1726,S5_2,9/24/2016,56:00.0,15.67095636
1727,S5_2,9/24/2016,56:10.0,18.19424687
1728,S5_2,9/24/2016,56:20.0,17.19133325
1729,S5_2,9/24/2016,56:30.0,4.609686571
1730,S5_2,9/24/2016,56:40.0,20.69784
1731,S5_2,9/24/2016,56:50.0,5.826103859
1732,S5_2,9/24/2016,57:00.0,8.124507955
1733,S5_2,9/24/2016,57:10.0,12.10518503
1734,S5_2,9/24/2016,57:20.0,4.090072962
1735,S5_2,9/24/2016,57:30.0,22.70674688
1736,S5_2,9/24/2016,57:40.0,21.55598576
1737,S5_2,9/24/2016,57:50.0,6.685350495
1738,S5_2,9/24/2016,58:00.0,7.925317591
1739,S5_2,9/24/2016,58:10.0,20.64083767
1740,S5_2,9/24/2016,58:20.0,21.24991074
1741,S5_2,9/24/2016,58:30.0,8.45762769
1742,S5_2,9/24/2016,58:40.0,17.81799268
1743,S5_2,9/24/2016,58:50.0,15.26409299
1744,S5_2,9/24/2016,59:00.0,13.00354508
1745,S5_2,9/24/2016,59:10.0,5.40229449
1746,S5_2,9/24/2016,59:20.0,6.136099793
1747,S5_2,9/24/2016,59:30.0,12.25076411
1748,S5_2,9/24/2016,59:40.0,7.870429871
1749,S5_2,9/24/2016,59:50.0,12.92889348
1750,S5_2,9/24/2016,00:00.0,10.26076539
1751,S6_1,9/24/2016,31:00.0,21.75665882
1752,S6_1,9/24/2016,31:10.0,5.909135822
1753,S6_1,9/24/2016,31:20.0,14.74097249
1754,S6_1,9/24/2016,31:30.0,8.123447342
1755,S6_1,9/24/2016,31:40.0,16.28162118
1756,S6_1,9/24/2016,31:50.0,11.38491662
1757,S6_1,9/24/2016,32:00.0,7.990245995
1758,S6_1,9/24/2016,32:10.0,16.94514253
1759,S6_1,9/24/2016,32:20.0,10.01244929
1760,S6_1,9/24/2016,32:30.0,8.183557222
1761,S6_1,9/24/2016,32:40.0,13.50782037
1762,S6_1,9/24/2016,32:50.0,15.78383683
1763,S6_1,9/24/2016,33:00.0,12.24009297
1764,S6_1,9/24/2016,33:10.0,4.062266941
1765,S6_1,9/24/2016,33:20.0,11.115555
1766,S6_1,9/24/2016,33:30.0,11.5919052
1767,S6_1,9/24/2016,33:40.0,16.24150642
1768,S6_1,9/24/2016,33:50.0,4.723513473
1769,S6_1,9/24/2016,34:00.0,4.418518946
1770,S6_1,9/24/2016,34:10.0,8.065042542
1771,S6_1,9/24/2016,34:20.0,22.13472966
1772,S6_1,9/24/2016,34:30.0,3.85947186
1773,S6_1,9/24/2016,34:40.0,8.778538671
1774,S6_1,9/24/2016,34:50.0,11.67305449
1775,S6_1,9/24/2016,35:00.0,5.63923967
1776,S6_1,9/24/2016,35:10.0,20.52029124
1777,S6_1,9/24/2016,35:20.0,9.719481335
1778,S6_1,9/24/2016,35:30.0,20.54270568
1779,S6_1,9/24/2016,35:40.0,21.5974999
1780,S6_1,9/24/2016,35:50.0,13.70594869
1781,S6_1,9/24/2016,36:00.0,20.02678261
1782,S6_1,9/24/2016,36:10.0,15.64721805
1783,S6_1,9/24/2016,36:20.0,10.87343061
1784,S6_1,9/24/2016,36:30.0,13.66499446
1785,S6_1,9/24/2016,36:40.0,5.051549278
1786,S6_1,9/24/2016,36:50.0,8.372185111
1787,S6_1,9/24/2016,37:00.0,8.466519156
1788,S6_1,9/24/2016,37:10.0,12.83723383
1789,S6_1,9/24/2016,37:20.0,5.49944962
1790,S6_1,9/24/2016,37:30.0,22.45137447
1791,S6_1,9/24/2016,37:40.0,4.51851993
1792,S6_1,9/24/2016,37:50.0,4.966352184
1793,S6_1,9/24/2016,38:00.0,14.87431285
1794,S6_1,9/24/2016,38:10.0,19.58612704
1795,S6_1,9/24/2016,38:20.0,6.324720317
1796,S6_1,9/24/2016,38:30.0,16.07073586
1797,S6_1,9/24/2016,38:40.0,10.81911513
1798,S6_1,9/24/2016,38:50.0,7.806762461
1799,S6_1,9/24/2016,39:00.0,15.57109029
1800,S6_1,9/24/2016,39:10.0,8.628135584
1801,S6_1,9/24/2016,39:20.0,15.19739213
1802,S6_1,9/24/2016,39:30.0,20.9617949
1803,S6_1,9/24/2016,39:40.0,21.33140075
1804,S6_1,9/24/2016,39:50.0,19.27169318
1805,S6_1,9/24/2016,40:00.0,15.54972836
1806,S6_1,9/24/2016,40:10.0,14.43232581
1807,S6_1,9/24/2016,40:20.0,9.078402548
1808,S6_1,9/24/2016,40:30.0,19.65957083
1809,S6_1,9/24/2016,40:40.0,12.71523154
1810,S6_1,9/24/2016,40:50.0,19.41827121
1811,S6_1,9/24/2016,41:00.0,18.03096144
1812,S6_1,9/24/2016,41:10.0,9.043649783
1813,S6_1,9/24/2016,41:20.0,3.054071913
1814,S6_1,9/24/2016,41:30.0,15.92082934
1815,S6_1,9/24/2016,41:40.0,10.08278587
1816,S6_1,9/24/2016,41:50.0,9.076519381
1817,S6_1,9/24/2016,42:00.0,4.441787502
1818,S6_1,9/24/2016,42:10.0,19.56967364
1819,S6_1,9/24/2016,42:20.0,19.100397
1820,S6_1,9/24/2016,42:30.0,4.583709411
1821,S6_1,9/24/2016,42:40.0,6.924181456
1822,S6_1,9/24/2016,42:50.0,4.991478992
1823,S6_1,9/24/2016,43:00.0,4.72170682
1824,S6_1,9/24/2016,43:10.0,6.584273935
1825,S6_1,9/24/2016,43:20.0,16.49260804
1826,S6_1,9/24/2016,43:30.0,13.43583192
1827,S6_1,9/24/2016,43:40.0,17.3987025
1828,S6_1,9/24/2016,43:50.0,8.04393569
1829,S6_1,9/24/2016,44:00.0,11.64390541
1830,S6_1,9/24/2016,44:10.0,12.27817601
1831,S6_1,9/24/2016,44:20.0,22.02540548
1832,S6_1,9/24/2016,44:30.0,13.81701021
1833,S6_1,9/24/2016,44:40.0,6.528851004
1834,S6_1,9/24/2016,44:50.0,6.696357821
1835,S6_1,9/24/2016,45:00.0,20.72489838
1836,S6_1,9/24/2016,45:10.0,21.21328195
1837,S6_1,9/24/2016,45:20.0,19.60681054
1838,S6_1,9/24/2016,45:30.0,3.511498676
1839,S6_1,9/24/2016,45:40.0,8.518116189
1840,S6_1,9/24/2016,45:50.0,6.163080825
1841,S6_1,9/24/2016,46:00.0,6.54488674
1842,S6_1,9/24/2016,46:10.0,12.6419701
1843,S6_1,9/24/2016,46:20.0,5.191543669
1844,S6_1,9/24/2016,46:30.0,21.46131187
1845,S6_1,9/24/2016,46:40.0,17.16183967
1846,S6_1,9/24/2016,46:50.0,19.98279685
1847,S6_1,9/24/2016,47:00.0,9.468742221
1848,S6_1,9/24/2016,47:10.0,15.1529104
1849,S6_1,9/24/2016,47:20.0,20.39143794
1850,S6_1,9/24/2016,47:30.0,12.83920097
1851,S6_1,9/24/2016,47:40.0,18.2477862
1852,S6_1,9/24/2016,47:50.0,7.251236092
1853,S6_1,9/24/2016,48:00.0,15.18713418
1854,S6_1,9/24/2016,48:10.0,15.61140194
1855,S6_1,9/24/2016,48:20.0,14.00204105
1856,S6_1,9/24/2016,48:30.0,10.81842586
1857,S6_1,9/24/2016,48:40.0,18.4696056
1858,S6_1,9/24/2016,48:50.0,21.77633134
1859,S6_1,9/24/2016,49:00.0,4.826463037
1860,S6_1,9/24/2016,49:10.0,21.30998948
1861,S6_1,9/24/2016,49:20.0,10.39233587
1862,S6_1,9/24/2016,49:30.0,4.291460113
1863,S6_1,9/24/2016,49:40.0,3.37430069
1864,S6_1,9/24/2016,49:50.0,18.51940352
1865,S6_1,9/24/2016,50:00.0,13.80825679
1866,S6_1,9/24/2016,50:10.0,4.73673526
1867,S6_1,9/24/2016,50:20.0,4.415823483
1868,S6_1,9/24/2016,50:30.0,7.467914931
1869,S6_1,9/24/2016,50:40.0,22.69972264
1870,S6_1,9/24/2016,50:50.0,5.900332295
1871,S6_1,9/24/2016,51:00.0,7.732762864
1872,S6_1,9/24/2016,51:10.0,17.81129789
1873,S6_1,9/24/2016,51:20.0,7.670255465
1874,S6_1,9/24/2016,51:30.0,5.163045559
1875,S6_1,9/24/2016,51:40.0,8.04006508
1876,S6_1,9/24/2016,51:50.0,15.20442527
1877,S6_1,9/24/2016,52:00.0,13.56112824
1878,S6_1,9/24/2016,52:10.0,7.294035161
1879,S6_1,9/24/2016,52:20.0,18.55748413
1880,S6_1,9/24/2016,52:30.0,4.076259537
1881,S6_1,9/24/2016,52:40.0,20.19732647
1882,S6_1,9/24/2016,52:50.0,3.297475939
1883,S6_1,9/24/2016,53:00.0,17.27732069
1884,S6_1,9/24/2016,53:10.0,9.636925483
1885,S6_1,9/24/2016,53:20.0,12.36457925
1886,S6_1,9/24/2016,53:30.0,8.249434215
1887,S6_1,9/24/2016,53:40.0,13.87489329
1888,S6_1,9/24/2016,53:50.0,14.09310004
1889,S6_1,9/24/2016,54:00.0,17.75055341
1890,S6_1,9/24/2016,54:10.0,8.703885993
1891,S6_1,9/24/2016,54:20.0,12.98559491
1892,S6_1,9/24/2016,54:30.0,19.71966414
1893,S6_1,9/24/2016,54:40.0,19.39559581
1894,S6_1,9/24/2016,54:50.0,7.54881298
1895,S6_1,9/24/2016,55:00.0,13.29217261
1896,S6_1,9/24/2016,55:10.0,4.435303705
1897,S6_1,9/24/2016,55:20.0,13.20212203
1898,S6_1,9/24/2016,55:30.0,12.29060478
1899,S6_1,9/24/2016,55:40.0,15.44917924
1900,S6_1,9/24/2016,55:50.0,6.967977936
1901,S6_1,9/24/2016,56:00.0,16.35001918
1902,S6_1,9/24/2016,56:10.0,16.73945543
1903,S6_1,9/24/2016,56:20.0,3.969000196
1904,S6_1,9/24/2016,56:30.0,13.92008864
1905,S6_1,9/24/2016,56:40.0,13.16359429
1906,S6_1,9/24/2016,56:50.0,18.87618376
1907,S6_1,9/24/2016,57:00.0,15.81854641
1908,S6_1,9/24/2016,57:10.0,20.41370844
1909,S6_1,9/24/2016,57:20.0,12.30237383
1910,S6_1,9/24/2016,57:30.0,15.58822908
1911,S6_1,9/24/2016,57:40.0,22.54925576
1912,S6_1,9/24/2016,57:50.0,20.85795689
1913,S6_1,9/24/2016,58:00.0,13.86451455
1914,S6_1,9/24/2016,58:10.0,6.286563331
1915,S6_1,9/24/2016,58:20.0,5.272241278
1916,S6_1,9/24/2016,58:30.0,14.85113031
1917,S6_1,9/24/2016,58:40.0,11.16850166
1918,S6_1,9/24/2016,58:50.0,19.35435214
1919,S6_1,9/24/2016,59:00.0,19.39680065
1920,S6_1,9/24/2016,59:10.0,14.41908855
1921,S6_1,9/24/2016,59:20.0,21.36344747
1922,S6_1,9/24/2016,59:30.0,11.07489998
1923,S6_1,9/24/2016,59:40.0,20.06473056
1924,S6_1,9/24/2016,59:50.0,11.21617354
1925,S6_1,9/24/2016,00:00.0,18.50213851
1926,S6_2,9/24/2016,31:00.0,5.771898954
1927,S6_2,9/24/2016,31:10.0,13.02307974
1928,S6_2,9/24/2016,31:20.0,6.985656788
1929,S6_2,9/24/2016,31:30.0,17.19899111
1930,S6_2,9/24/2016,31:40.0,7.466479915
1931,S6_2,9/24/2016,31:50.0,17.13329279
1932,S6_2,9/24/2016,32:00.0,8.846974729
1933,S6_2,9/24/2016,32:10.0,10.6553399
1934,S6_2,9/24/2016,32:20.0,3.612684594
1935,S6_2,9/24/2016,32:30.0,13.080017
1936,S6_2,9/24/2016,32:40.0,7.543201923
1937,S6_2,9/24/2016,32:50.0,17.15125615
1938,S6_2,9/24/2016,33:00.0,22.29943508
1939,S6_2,9/24/2016,33:10.0,15.11056374
1940,S6_2,9/24/2016,33:20.0,15.31943913
1941,S6_2,9/24/2016,33:30.0,18.03861309
1942,S6_2,9/24/2016,33:40.0,11.1040091
1943,S6_2,9/24/2016,33:50.0,21.27325472
1944,S6_2,9/24/2016,34:00.0,16.95489589
1945,S6_2,9/24/2016,34:10.0,19.82375244
1946,S6_2,9/24/2016,34:20.0,13.05275363
1947,S6_2,9/24/2016,34:30.0,19.51783638
1948,S6_2,9/24/2016,34:40.0,21.33881936
1949,S6_2,9/24/2016,34:50.0,7.820903918
1950,S6_2,9/24/2016,35:00.0,10.28003021
1951,S6_2,9/24/2016,35:10.0,9.863493326
1952,S6_2,9/24/2016,35:20.0,19.79810918
1953,S6_2,9/24/2016,35:30.0,16.25782988
1954,S6_2,9/24/2016,35:40.0,13.4272764
1955,S6_2,9/24/2016,35:50.0,9.819905844
1956,S6_2,9/24/2016,36:00.0,6.270537052
1957,S6_2,9/24/2016,36:10.0,20.29098217
1958,S6_2,9/24/2016,36:20.0,15.47837252
1959,S6_2,9/24/2016,36:30.0,19.61822317
1960,S6_2,9/24/2016,36:40.0,15.11354219
1961,S6_2,9/24/2016,36:50.0,12.28849223
1962,S6_2,9/24/2016,37:00.0,18.92779364
1963,S6_2,9/24/2016,37:10.0,16.25537347
1964,S6_2,9/24/2016,37:20.0,20.60685087
1965,S6_2,9/24/2016,37:30.0,8.278895806
1966,S6_2,9/24/2016,37:40.0,16.93185095
1967,S6_2,9/24/2016,37:50.0,8.521650301
1968,S6_2,9/24/2016,38:00.0,19.39160048
1969,S6_2,9/24/2016,38:10.0,21.778442
1970,S6_2,9/24/2016,38:20.0,20.01578296
1971,S6_2,9/24/2016,38:30.0,15.59593509
1972,S6_2,9/24/2016,38:40.0,3.498033455
1973,S6_2,9/24/2016,38:50.0,10.53266971
1974,S6_2,9/24/2016,39:00.0,20.21504847
1975,S6_2,9/24/2016,39:10.0,4.178502585
1976,S6_2,9/24/2016,39:20.0,21.09862381
1977,S6_2,9/24/2016,39:30.0,20.81268064
1978,S6_2,9/24/2016,39:40.0,18.89219005
1979,S6_2,9/24/2016,39:50.0,5.319988634
1980,S6_2,9/24/2016,40:00.0,16.1065773
1981,S6_2,9/24/2016,40:10.0,22.7916685
1982,S6_2,9/24/2016,40:20.0,3.605548108
1983,S6_2,9/24/2016,40:30.0,18.08065357
1984,S6_2,9/24/2016,40:40.0,19.92792911
1985,S6_2,9/24/2016,40:50.0,8.95414873
1986,S6_2,9/24/2016,41:00.0,9.923304061
1987,S6_2,9/24/2016,41:10.0,17.24323018
1988,S6_2,9/24/2016,41:20.0,17.28298792
1989,S6_2,9/24/2016,41:30.0,14.27168925
1990,S6_2,9/24/2016,41:40.0,21.49049312
1991,S6_2,9/24/2016,41:50.0,8.496544716
1992,S6_2,9/24/2016,42:00.0,4.05411641
1993,S6_2,9/24/2016,42:10.0,18.61619199
1994,S6_2,9/24/2016,42:20.0,8.597518437
1995,S6_2,9/24/2016,42:30.0,3.104261179
1996,S6_2,9/24/2016,42:40.0,10.97867072
1997,S6_2,9/24/2016,42:50.0,4.693287293
1998,S6_2,9/24/2016,43:00.0,9.467087773
1999,S6_2,9/24/2016,43:10.0,6.187084471
2000,S6_2,9/24/2016,43:20.0,7.424793409
2001,S6_2,9/24/2016,43:30.0,21.32752007
2002,S6_2,9/24/2016,43:40.0,22.47519523
2003,S6_2,9/24/2016,43:50.0,11.7469767
2004,S6_2,9/24/2016,44:00.0,12.38952965
2005,S6_2,9/24/2016,44:10.0,13.67475889
2006,S6_2,9/24/2016,44:20.0,6.123851154
2007,S6_2,9/24/2016,44:30.0,21.81933084
2008,S6_2,9/24/2016,44:40.0,10.49929915
2009,S6_2,9/24/2016,44:50.0,17.87953273
2010,S6_2,9/24/2016,45:00.0,15.88447456
2011,S6_2,9/24/2016,45:10.0,11.55450635
2012,S6_2,9/24/2016,45:20.0,6.318153046
2013,S6_2,9/24/2016,45:30.0,3.041702666
2014,S6_2,9/24/2016,45:40.0,7.392020679
2015,S6_2,9/24/2016,45:50.0,16.82419808
2016,S6_2,9/24/2016,46:00.0,8.637629615
2017,S6_2,9/24/2016,46:10.0,16.05466738
2018,S6_2,9/24/2016,46:20.0,21.65623953
2019,S6_2,9/24/2016,46:30.0,11.62828216
2020,S6_2,9/24/2016,46:40.0,8.799212682
2021,S6_2,9/24/2016,46:50.0,19.60088868
2022,S6_2,9/24/2016,47:00.0,15.87456542
2023,S6_2,9/24/2016,47:10.0,21.03357897
2024,S6_2,9/24/2016,47:20.0,22.14351053
2025,S6_2,9/24/2016,47:30.0,18.81376361
2026,S6_2,9/24/2016,47:40.0,19.05494842
2027,S6_2,9/24/2016,47:50.0,7.045437672
2028,S6_2,9/24/2016,48:00.0,14.36887016
2029,S6_2,9/24/2016,48:10.0,20.69879487
2030,S6_2,9/24/2016,48:20.0,19.36516578
2031,S6_2,9/24/2016,48:30.0,8.136110449
2032,S6_2,9/24/2016,48:40.0,12.11087576
2033,S6_2,9/24/2016,48:50.0,6.691324118
2034,S6_2,9/24/2016,49:00.0,16.88938641
2035,S6_2,9/24/2016,49:10.0,3.952449977
2036,S6_2,9/24/2016,49:20.0,10.77668081
2037,S6_2,9/24/2016,49:30.0,11.77590965
2038,S6_2,9/24/2016,49:40.0,14.48475846
2039,S6_2,9/24/2016,49:50.0,7.191586749
2040,S6_2,9/24/2016,50:00.0,22.07655587
2041,S6_2,9/24/2016,50:10.0,16.68172108
2042,S6_2,9/24/2016,50:20.0,18.52990787
2043,S6_2,9/24/2016,50:30.0,13.89225223
2044,S6_2,9/24/2016,50:40.0,15.19696308
2045,S6_2,9/24/2016,50:50.0,17.58319135
2046,S6_2,9/24/2016,51:00.0,11.35232197
2047,S6_2,9/24/2016,51:10.0,14.14358108
2048,S6_2,9/24/2016,51:20.0,16.92834542
2049,S6_2,9/24/2016,51:30.0,4.174565314
2050,S6_2,9/24/2016,51:40.0,16.63124009
2051,S6_2,9/24/2016,51:50.0,16.53514377
2052,S6_2,9/24/2016,52:00.0,14.8279939
2053,S6_2,9/24/2016,52:10.0,12.86862369
2054,S6_2,9/24/2016,52:20.0,15.22552307
2055,S6_2,9/24/2016,52:30.0,21.57121516
2056,S6_2,9/24/2016,52:40.0,5.405245053
2057,S6_2,9/24/2016,52:50.0,14.05309572
2058,S6_2,9/24/2016,53:00.0,21.26534612
2059,S6_2,9/24/2016,53:10.0,4.935561984
2060,S6_2,9/24/2016,53:20.0,4.473615846
2061,S6_2,9/24/2016,53:30.0,12.93390244
2062,S6_2,9/24/2016,53:40.0,19.13515243
2063,S6_2,9/24/2016,53:50.0,14.47788732
2064,S6_2,9/24/2016,54:00.0,7.213828215
2065,S6_2,9/24/2016,54:10.0,5.259685481
2066,S6_2,9/24/2016,54:20.0,12.93266607
2067,S6_2,9/24/2016,54:30.0,5.66927139
2068,S6_2,9/24/2016,54:40.0,11.92773369
2069,S6_2,9/24/2016,54:50.0,5.688985766
2070,S6_2,9/24/2016,55:00.0,11.45089694
2071,S6_2,9/24/2016,55:10.0,17.53878508
2072,S6_2,9/24/2016,55:20.0,18.30163816
2073,S6_2,9/24/2016,55:30.0,9.305200944
2074,S6_2,9/24/2016,55:40.0,18.23783581
2075,S6_2,9/24/2016,55:50.0,10.27514256
2076,S6_2,9/24/2016,56:00.0,13.15139139
2077,S6_2,9/24/2016,56:10.0,17.37631885
2078,S6_2,9/24/2016,56:20.0,17.53708284
2079,S6_2,9/24/2016,56:30.0,15.60018432
2080,S6_2,9/24/2016,56:40.0,10.67105697
2081,S6_2,9/24/2016,56:50.0,16.3199937
2082,S6_2,9/24/2016,57:00.0,12.84245429
2083,S6_2,9/24/2016,57:10.0,18.07186998
2084,S6_2,9/24/2016,57:20.0,12.32194634
2085,S6_2,9/24/2016,57:30.0,22.61220464
2086,S6_2,9/24/2016,57:40.0,18.12652734
2087,S6_2,9/24/2016,57:50.0,12.35137713
2088,S6_2,9/24/2016,58:00.0,17.87237495
2089,S6_2,9/24/2016,58:10.0,16.81480817
2090,S6_2,9/24/2016,58:20.0,15.67847991
2091,S6_2,9/24/2016,58:30.0,3.829445231
2092,S6_2,9/24/2016,58:40.0,5.041883265
2093,S6_2,9/24/2016,58:50.0,6.848441681
2094,S6_2,9/24/2016,59:00.0,20.7300343
2095,S6_2,9/24/2016,59:10.0,8.585682434
2096,S6_2,9/24/2016,59:20.0,10.98092271
2097,S6_2,9/24/2016,59:30.0,18.68030985
2098,S6_2,9/24/2016,59:40.0,14.15559297
2099,S6_2,9/24/2016,59:50.0,10.74411247
2100,S6_2,9/24/2016,00:00.0,19.20997794
