1,1,9/24/2016,00:00.0,22.15351229
2,2,9/24/2016,00:00.0,18.29718813
3,3,9/24/2016,00:00.0,12.63661526
4,4,9/24/2016,00:00.0,4.963389973
5,5,9/24/2016,00:00.0,7.830415962
6,6,9/24/2016,00:00.0,20.01929333
7,7,9/24/2016,00:00.0,15.45383078
8,8,9/24/2016,00:00.0,3.404336506
9,9,9/24/2016,00:00.0,5.226175959
10,10,9/24/2016,00:00.0,10.26076539
11,11,9/24/2016,00:00.0,18.50213851
12,12,9/24/2016,00:00.0,19.20997794
13,1,9/24/2016,31:00.0,8.680326988
14,2,9/24/2016,31:00.0,5.21948476
15,3,9/24/2016,31:00.0,3.521370283
16,4,9/24/2016,31:00.0,19.22612582
17,5,9/24/2016,31:00.0,11.88295437
18,6,9/24/2016,31:00.0,7.89941589
19,7,9/24/2016,31:00.0,17.7496047
20,8,9/24/2016,31:00.0,17.74553815
21,9,9/24/2016,31:00.0,18.12784698
22,10,9/24/2016,31:00.0,15.19955616
23,11,9/24/2016,31:00.0,21.75665882
24,12,9/24/2016,31:00.0,5.771898954
25,1,9/24/2016,31:10.0,4.202428494
26,2,9/24/2016,31:10.0,21.22626587
27,3,9/24/2016,31:10.0,8.809092054
28,4,9/24/2016,31:10.0,7.174822664
29,5,9/24/2016,31:10.0,11.0980893
30,6,9/24/2016,31:10.0,19.45495693
31,7,9/24/2016,31:10.0,14.9909133
32,8,9/24/2016,31:10.0,22.34247309
33,9,9/24/2016,31:10.0,8.170005058
34,10,9/24/2016,31:10.0,19.21977763
35,11,9/24/2016,31:10.0,5.909135822
36,12,9/24/2016,31:10.0,13.02307974
37,1,9/24/2016,31:20.0,10.36177434
38,2,9/24/2016,31:20.0,19.27356942
39,3,9/24/2016,31:20.0,21.88727986
40,4,9/24/2016,31:20.0,17.42076517
41,5,9/24/2016,31:20.0,10.02701574
42,6,9/24/2016,31:20.0,4.7364955
43,7,9/24/2016,31:20.0,15.36551274
44,8,9/24/2016,31:20.0,6.07349262
45,9,9/24/2016,31:20.0,15.02616653
46,10,9/24/2016,31:20.0,15.05882242
47,11,9/24/2016,31:20.0,14.74097249
48,12,9/24/2016,31:20.0,6.985656788
49,1,9/24/2016,31:30.0,7.305143723
50,2,9/24/2016,31:30.0,8.376367116
51,3,9/24/2016,31:30.0,14.73588253
52,4,9/24/2016,31:30.0,5.720894474
53,5,9/24/2016,31:30.0,8.561463026
54,6,9/24/2016,31:30.0,13.9107619
55,7,9/24/2016,31:30.0,7.185136266
56,8,9/24/2016,31:30.0,16.0853091
57,9,9/24/2016,31:30.0,16.40430822
58,10,9/24/2016,31:30.0,10.02742597
59,11,9/24/2016,31:30.0,8.123447342
60,12,9/24/2016,31:30.0,17.19899111
61,1,9/24/2016,31:40.0,13.40120198
62,2,9/24/2016,31:40.0,14.98137575
63,3,9/24/2016,31:40.0,12.20946602
64,4,9/24/2016,31:40.0,9.956971484
65,5,9/24/2016,31:40.0,20.41324775
66,6,9/24/2016,31:40.0,7.968861813
67,7,9/24/2016,31:40.0,13.37242965
68,8,9/24/2016,31:40.0,8.556910471
69,9,9/24/2016,31:40.0,8.336358245
70,10,9/24/2016,31:40.0,3.273529887
71,11,9/24/2016,31:40.0,16.28162118
72,12,9/24/2016,31:40.0,7.466479915
73,1,9/24/2016,31:50.0,14.83815588
74,2,9/24/2016,31:50.0,6.28260626
75,3,9/24/2016,31:50.0,6.325149614
76,4,9/24/2016,31:50.0,18.91981196
77,5,9/24/2016,31:50.0,8.175497908
78,6,9/24/2016,31:50.0,4.11919079
79,7,9/24/2016,31:50.0,18.11514715
80,8,9/24/2016,31:50.0,5.226862774
81,9,9/24/2016,31:50.0,20.09951828
82,10,9/24/2016,31:50.0,14.96994566
83,11,9/24/2016,31:50.0,11.38491662
84,12,9/24/2016,31:50.0,17.13329279
85,1,9/24/2016,32:00.0,16.5683234
86,2,9/24/2016,32:00.0,9.458941769
87,3,9/24/2016,32:00.0,19.96855328
88,4,9/24/2016,32:00.0,14.26340335
89,5,9/24/2016,32:00.0,17.63270326
90,6,9/24/2016,32:00.0,21.02748162
91,7,9/24/2016,32:00.0,8.092620928
92,8,9/24/2016,32:00.0,6.356693575
93,9,9/24/2016,32:00.0,11.55494803
94,10,9/24/2016,32:00.0,8.496004119
95,11,9/24/2016,32:00.0,7.990245995
96,12,9/24/2016,32:00.0,8.846974729
97,1,9/24/2016,32:10.0,4.454892198
98,2,9/24/2016,32:10.0,13.95044298
99,3,9/24/2016,32:10.0,14.33295343
100,4,9/24/2016,32:10.0,21.55563082
101,5,9/24/2016,32:10.0,17.21435671
102,6,9/24/2016,32:10.0,3.043590817
103,7,9/24/2016,32:10.0,10.43451055
104,8,9/24/2016,32:10.0,11.18822977
105,9,9/24/2016,32:10.0,12.78823829
106,10,9/24/2016,32:10.0,22.41301061
107,11,9/24/2016,32:10.0,16.94514253
108,12,9/24/2016,32:10.0,10.6553399
109,1,9/24/2016,32:20.0,4.941392109
110,2,9/24/2016,32:20.0,6.065299653
111,3,9/24/2016,32:20.0,7.205950509
112,4,9/24/2016,32:20.0,3.095639619
113,5,9/24/2016,32:20.0,15.49523029
114,6,9/24/2016,32:20.0,17.1408613
115,7,9/24/2016,32:20.0,19.01854019
116,8,9/24/2016,32:20.0,22.92821311
117,9,9/24/2016,32:20.0,20.30872181
118,10,9/24/2016,32:20.0,14.48538964
119,11,9/24/2016,32:20.0,10.01244929
120,12,9/24/2016,32:20.0,3.612684594
121,1,9/24/2016,32:30.0,8.266806274
122,2,9/24/2016,32:30.0,22.73747115
123,3,9/24/2016,32:30.0,4.351455343
124,4,9/24/2016,32:30.0,20.99872787
125,5,9/24/2016,32:30.0,5.73455272
126,6,9/24/2016,32:30.0,13.16434584
127,7,9/24/2016,32:30.0,7.205532527
128,8,9/24/2016,32:30.0,16.96619494
129,9,9/24/2016,32:30.0,8.444755174
130,10,9/24/2016,32:30.0,11.44026676
131,11,9/24/2016,32:30.0,8.183557222
132,12,9/24/2016,32:30.0,13.080017
133,1,9/24/2016,32:40.0,18.31400092
134,2,9/24/2016,32:40.0,7.226355765
135,3,9/24/2016,32:40.0,11.27358617
136,4,9/24/2016,32:40.0,18.17175099
137,5,9/24/2016,32:40.0,7.243188694
138,6,9/24/2016,32:40.0,11.58830133
139,7,9/24/2016,32:40.0,7.654989214
140,8,9/24/2016,32:40.0,3.159101581
141,9,9/24/2016,32:40.0,8.635772723
142,10,9/24/2016,32:40.0,19.94243345
143,11,9/24/2016,32:40.0,13.50782037
144,12,9/24/2016,32:40.0,7.543201923
145,1,9/24/2016,32:50.0,4.799500832
146,2,9/24/2016,32:50.0,19.30111081
147,3,9/24/2016,32:50.0,14.51039545
148,4,9/24/2016,32:50.0,14.34831417
149,5,9/24/2016,32:50.0,7.803677255
150,6,9/24/2016,32:50.0,7.47987662
151,7,9/24/2016,32:50.0,4.575251663
152,8,9/24/2016,32:50.0,10.85926402
153,9,9/24/2016,32:50.0,6.664448514
154,10,9/24/2016,32:50.0,3.751068567
155,11,9/24/2016,32:50.0,15.78383683
156,12,9/24/2016,32:50.0,17.15125615
157,1,9/24/2016,33:00.0,15.48234094
158,2,9/24/2016,33:00.0,22.14293361
159,3,9/24/2016,33:00.0,21.65779869
160,4,9/24/2016,33:00.0,11.77937966
161,5,9/24/2016,33:00.0,5.794140347
162,6,9/24/2016,33:00.0,20.62053709
163,7,9/24/2016,33:00.0,21.53172571
164,8,9/24/2016,33:00.0,11.64647008
165,9,9/24/2016,33:00.0,8.892234687
166,10,9/24/2016,33:00.0,15.03283673
167,11,9/24/2016,33:00.0,12.24009297
168,12,9/24/2016,33:00.0,22.29943508
169,1,9/24/2016,33:10.0,14.09854647
170,2,9/24/2016,33:10.0,4.310810023
171,3,9/24/2016,33:10.0,19.34257752
172,4,9/24/2016,33:10.0,13.01578601
173,5,9/24/2016,33:10.0,12.58699612
174,6,9/24/2016,33:10.0,7.16141481
175,7,9/24/2016,33:10.0,13.27773095
176,8,9/24/2016,33:10.0,18.08155543
177,9,9/24/2016,33:10.0,9.257327441
178,10,9/24/2016,33:10.0,7.580093513
179,11,9/24/2016,33:10.0,4.062266941
180,12,9/24/2016,33:10.0,15.11056374
181,1,9/24/2016,33:20.0,18.79754763
182,2,9/24/2016,33:20.0,19.44109559
183,3,9/24/2016,33:20.0,21.1828314
184,4,9/24/2016,33:20.0,19.12864209
185,5,9/24/2016,33:20.0,12.17727623
186,6,9/24/2016,33:20.0,8.978925989
187,7,9/24/2016,33:20.0,12.11726885
188,8,9/24/2016,33:20.0,6.250054134
189,9,9/24/2016,33:20.0,21.32457285
190,10,9/24/2016,33:20.0,8.222951637
191,11,9/24/2016,33:20.0,11.115555
192,12,9/24/2016,33:20.0,15.31943913
193,1,9/24/2016,33:30.0,20.40681623
194,2,9/24/2016,33:30.0,16.91415884
195,3,9/24/2016,33:30.0,14.1742949
196,4,9/24/2016,33:30.0,6.445148725
197,5,9/24/2016,33:30.0,10.33151204
198,6,9/24/2016,33:30.0,22.89046561
199,7,9/24/2016,33:30.0,12.94623995
200,8,9/24/2016,33:30.0,11.40966771
201,9,9/24/2016,33:30.0,7.019641178
202,10,9/24/2016,33:30.0,11.42786366
203,11,9/24/2016,33:30.0,11.5919052
204,12,9/24/2016,33:30.0,18.03861309
205,1,9/24/2016,33:40.0,17.54949573
206,2,9/24/2016,33:40.0,13.77510699
207,3,9/24/2016,33:40.0,7.73387703
208,4,9/24/2016,33:40.0,10.01699966
209,5,9/24/2016,33:40.0,7.177192057
210,6,9/24/2016,33:40.0,4.653270535
211,7,9/24/2016,33:40.0,20.5041536
212,8,9/24/2016,33:40.0,5.711914216
213,9,9/24/2016,33:40.0,17.62985123
214,10,9/24/2016,33:40.0,12.49715061
215,11,9/24/2016,33:40.0,16.24150642
216,12,9/24/2016,33:40.0,11.1040091
217,1,9/24/2016,33:50.0,19.2346857
218,2,9/24/2016,33:50.0,9.022444984
219,3,9/24/2016,33:50.0,5.157833641
220,4,9/24/2016,33:50.0,9.687648806
221,5,9/24/2016,33:50.0,4.724641419
222,6,9/24/2016,33:50.0,11.49227492
223,7,9/24/2016,33:50.0,14.55920681
224,8,9/24/2016,33:50.0,15.28448706
225,9,9/24/2016,33:50.0,19.38623508
226,10,9/24/2016,33:50.0,5.070385595
227,11,9/24/2016,33:50.0,4.723513473
228,12,9/24/2016,33:50.0,21.27325472
229,1,9/24/2016,34:00.0,12.81892364
230,2,9/24/2016,34:00.0,15.3237818
231,3,9/24/2016,34:00.0,5.384254974
232,4,9/24/2016,34:00.0,14.74136475
233,5,9/24/2016,34:00.0,4.161318495
234,6,9/24/2016,34:00.0,3.38980914
235,7,9/24/2016,34:00.0,18.53346836
236,8,9/24/2016,34:00.0,19.75438703
237,9,9/24/2016,34:00.0,6.82167638
238,10,9/24/2016,34:00.0,11.03981412
239,11,9/24/2016,34:00.0,4.418518946
240,12,9/24/2016,34:00.0,16.95489589
241,1,9/24/2016,34:10.0,14.4461342
242,2,9/24/2016,34:10.0,19.48469558
243,3,9/24/2016,34:10.0,21.52014377
244,4,9/24/2016,34:10.0,13.66928873
245,5,9/24/2016,34:10.0,11.93377274
246,6,9/24/2016,34:10.0,4.183167685
247,7,9/24/2016,34:10.0,6.468439773
248,8,9/24/2016,34:10.0,8.005882239
249,9,9/24/2016,34:10.0,6.158594503
250,10,9/24/2016,34:10.0,9.364516283
251,11,9/24/2016,34:10.0,8.065042542
252,12,9/24/2016,34:10.0,19.82375244
253,1,9/24/2016,34:20.0,19.52195477
254,2,9/24/2016,34:20.0,9.443992654
255,3,9/24/2016,34:20.0,14.79272214
256,4,9/24/2016,34:20.0,3.936102908
257,5,9/24/2016,34:20.0,4.402950545
258,6,9/24/2016,34:20.0,8.987039146
259,7,9/24/2016,34:20.0,15.22359517
260,8,9/24/2016,34:20.0,16.42516281
261,9,9/24/2016,34:20.0,9.910859067
262,10,9/24/2016,34:20.0,16.12150565
263,11,9/24/2016,34:20.0,22.13472966
264,12,9/24/2016,34:20.0,13.05275363
265,1,9/24/2016,34:30.0,12.53645785
266,2,9/24/2016,34:30.0,9.371568444
267,3,9/24/2016,34:30.0,7.479172125
268,4,9/24/2016,34:30.0,6.026357354
269,5,9/24/2016,34:30.0,4.470634016
270,6,9/24/2016,34:30.0,15.4808752
271,7,9/24/2016,34:30.0,14.15373078
272,8,9/24/2016,34:30.0,15.14269255
273,9,9/24/2016,34:30.0,13.6322839
274,10,9/24/2016,34:30.0,17.20139633
275,11,9/24/2016,34:30.0,3.85947186
276,12,9/24/2016,34:30.0,19.51783638
277,1,9/24/2016,34:40.0,12.82844674
278,2,9/24/2016,34:40.0,13.46826828
279,3,9/24/2016,34:40.0,15.37017801
280,4,9/24/2016,34:40.0,21.24535422
281,5,9/24/2016,34:40.0,12.33645839
282,6,9/24/2016,34:40.0,10.40214425
283,7,9/24/2016,34:40.0,14.58080171
284,8,9/24/2016,34:40.0,18.93142557
285,9,9/24/2016,34:40.0,3.99317435
286,10,9/24/2016,34:40.0,5.83934839
287,11,9/24/2016,34:40.0,8.778538671
288,12,9/24/2016,34:40.0,21.33881936
289,1,9/24/2016,34:50.0,16.0228364
290,2,9/24/2016,34:50.0,15.66897187
291,3,9/24/2016,34:50.0,11.80290543
292,4,9/24/2016,34:50.0,16.07494437
293,5,9/24/2016,34:50.0,4.844031014
294,6,9/24/2016,34:50.0,10.26294185
295,7,9/24/2016,34:50.0,13.89172918
296,8,9/24/2016,34:50.0,9.55517211
297,9,9/24/2016,34:50.0,6.280861719
298,10,9/24/2016,34:50.0,9.808971351
299,11,9/24/2016,34:50.0,11.67305449
300,12,9/24/2016,34:50.0,7.820903918
301,1,9/24/2016,35:00.0,6.091675065
302,2,9/24/2016,35:00.0,16.67102383
303,3,9/24/2016,35:00.0,20.74115862
304,4,9/24/2016,35:00.0,18.67483564
305,5,9/24/2016,35:00.0,21.26539966
306,6,9/24/2016,35:00.0,18.41782791
307,7,9/24/2016,35:00.0,17.81703725
308,8,9/24/2016,35:00.0,11.52700977
309,9,9/24/2016,35:00.0,7.634130558
310,10,9/24/2016,35:00.0,12.21307447
311,11,9/24/2016,35:00.0,5.63923967
312,12,9/24/2016,35:00.0,10.28003021
313,1,9/24/2016,35:10.0,18.3322963
314,2,9/24/2016,35:10.0,22.67561032
315,3,9/24/2016,35:10.0,20.23093339
316,4,9/24/2016,35:10.0,22.85095701
317,5,9/24/2016,35:10.0,16.58904447
318,6,9/24/2016,35:10.0,15.4926106
319,7,9/24/2016,35:10.0,8.84205314
320,8,9/24/2016,35:10.0,12.96367333
321,9,9/24/2016,35:10.0,19.70390797
322,10,9/24/2016,35:10.0,9.054244168
323,11,9/24/2016,35:10.0,20.52029124
324,12,9/24/2016,35:10.0,9.863493326
325,1,9/24/2016,35:20.0,10.51142548
326,2,9/24/2016,35:20.0,7.095169007
327,3,9/24/2016,35:20.0,11.48171179
328,4,9/24/2016,35:20.0,5.727601874
329,5,9/24/2016,35:20.0,9.897247663
330,6,9/24/2016,35:20.0,20.26830148
331,7,9/24/2016,35:20.0,19.56872377
332,8,9/24/2016,35:20.0,4.055423289
333,9,9/24/2016,35:20.0,12.74296776
334,10,9/24/2016,35:20.0,18.84628806
335,11,9/24/2016,35:20.0,9.719481335
336,12,9/24/2016,35:20.0,19.79810918
337,1,9/24/2016,35:30.0,5.248894926
338,2,9/24/2016,35:30.0,12.49972062
339,3,9/24/2016,35:30.0,9.672094228
340,4,9/24/2016,35:30.0,22.18873584
341,5,9/24/2016,35:30.0,9.245808926
342,6,9/24/2016,35:30.0,17.09515094
343,7,9/24/2016,35:30.0,16.62671574
344,8,9/24/2016,35:30.0,22.91386094
345,9,9/24/2016,35:30.0,7.103916739
346,10,9/24/2016,35:30.0,18.3425045
347,11,9/24/2016,35:30.0,20.54270568
348,12,9/24/2016,35:30.0,16.25782988
349,1,9/24/2016,35:40.0,10.91416081
350,2,9/24/2016,35:40.0,9.536927773
351,3,9/24/2016,35:40.0,12.71444754
352,4,9/24/2016,35:40.0,18.59736022
353,5,9/24/2016,35:40.0,15.68289978
354,6,9/24/2016,35:40.0,12.76951147
355,7,9/24/2016,35:40.0,19.16988298
356,8,9/24/2016,35:40.0,6.21898721
357,9,9/24/2016,35:40.0,9.11201831
358,10,9/24/2016,35:40.0,20.7265258
359,11,9/24/2016,35:40.0,21.5974999
360,12,9/24/2016,35:40.0,13.4272764
361,1,9/24/2016,35:50.0,11.38329979
362,2,9/24/2016,35:50.0,20.6792937
363,3,9/24/2016,35:50.0,21.49471822
364,4,9/24/2016,35:50.0,22.12861808
365,5,9/24/2016,35:50.0,7.31809113
366,6,9/24/2016,35:50.0,16.15058005
367,7,9/24/2016,35:50.0,17.81141618
368,8,9/24/2016,35:50.0,17.54293627
369,9,9/24/2016,35:50.0,8.60923911
370,10,9/24/2016,35:50.0,17.29231565
371,11,9/24/2016,35:50.0,13.70594869
372,12,9/24/2016,35:50.0,9.819905844
373,1,9/24/2016,36:00.0,15.12949031
374,2,9/24/2016,36:00.0,21.4178783
375,3,9/24/2016,36:00.0,8.848826142
376,4,9/24/2016,36:00.0,18.48788855
377,5,9/24/2016,36:00.0,18.83616953
378,6,9/24/2016,36:00.0,22.26865963
379,7,9/24/2016,36:00.0,7.294660752
380,8,9/24/2016,36:00.0,10.12691699
381,9,9/24/2016,36:00.0,3.944647569
382,10,9/24/2016,36:00.0,9.983966375
383,11,9/24/2016,36:00.0,20.02678261
384,12,9/24/2016,36:00.0,6.270537052
385,1,9/24/2016,36:10.0,15.56808917
386,2,9/24/2016,36:10.0,6.523314872
387,3,9/24/2016,36:10.0,16.49408988
388,4,9/24/2016,36:10.0,15.36286012
389,5,9/24/2016,36:10.0,22.01900257
390,6,9/24/2016,36:10.0,11.74299218
391,7,9/24/2016,36:10.0,4.073178796
392,8,9/24/2016,36:10.0,4.617903337
393,9,9/24/2016,36:10.0,15.16871531
394,10,9/24/2016,36:10.0,11.40711072
395,11,9/24/2016,36:10.0,15.64721805
396,12,9/24/2016,36:10.0,20.29098217
397,1,9/24/2016,36:20.0,19.82660475
398,2,9/24/2016,36:20.0,11.0892564
399,3,9/24/2016,36:20.0,21.40092053
400,4,9/24/2016,36:20.0,4.24600205
401,5,9/24/2016,36:20.0,14.03595405
402,6,9/24/2016,36:20.0,13.39495171
403,7,9/24/2016,36:20.0,3.542708532
404,8,9/24/2016,36:20.0,11.70283606
405,9,9/24/2016,36:20.0,19.93904354
406,10,9/24/2016,36:20.0,13.16799458
407,11,9/24/2016,36:20.0,10.87343061
408,12,9/24/2016,36:20.0,15.47837252
409,1,9/24/2016,36:30.0,11.55113039
410,2,9/24/2016,36:30.0,5.561031538
411,3,9/24/2016,36:30.0,6.751570261
412,4,9/24/2016,36:30.0,5.71033921
413,5,9/24/2016,36:30.0,3.206246986
414,6,9/24/2016,36:30.0,6.36402542
415,7,9/24/2016,36:30.0,4.958863668
416,8,9/24/2016,36:30.0,20.15535268
417,9,9/24/2016,36:30.0,14.30973238
418,10,9/24/2016,36:30.0,21.94490857
419,11,9/24/2016,36:30.0,13.66499446
420,12,9/24/2016,36:30.0,19.61822317
421,1,9/24/2016,36:40.0,18.17068974
422,2,9/24/2016,36:40.0,21.49451285
423,3,9/24/2016,36:40.0,13.92234132
424,4,9/24/2016,36:40.0,21.31063398
425,5,9/24/2016,36:40.0,19.48870489
426,6,9/24/2016,36:40.0,9.843469873
427,7,9/24/2016,36:40.0,13.75889841
428,8,9/24/2016,36:40.0,3.512112489
429,9,9/24/2016,36:40.0,6.585388513
430,10,9/24/2016,36:40.0,6.64552685
431,11,9/24/2016,36:40.0,5.051549278
432,12,9/24/2016,36:40.0,15.11354219
433,1,9/24/2016,36:50.0,16.52023277
434,2,9/24/2016,36:50.0,10.30417188
435,3,9/24/2016,36:50.0,18.63057851
436,4,9/24/2016,36:50.0,21.74150976
437,5,9/24/2016,36:50.0,17.14787752
438,6,9/24/2016,36:50.0,16.24460339
439,7,9/24/2016,36:50.0,13.17159818
440,8,9/24/2016,36:50.0,6.059043156
441,9,9/24/2016,36:50.0,10.73779331
442,10,9/24/2016,36:50.0,22.65746894
443,11,9/24/2016,36:50.0,8.372185111
444,12,9/24/2016,36:50.0,12.28849223
445,1,9/24/2016,37:00.0,20.25046562
446,2,9/24/2016,37:00.0,19.01137268
447,3,9/24/2016,37:00.0,16.64779447
448,4,9/24/2016,37:00.0,5.700102852
449,5,9/24/2016,37:00.0,17.01748776
450,6,9/24/2016,37:00.0,10.50444451
451,7,9/24/2016,37:00.0,12.87399976
452,8,9/24/2016,37:00.0,10.66760231
453,9,9/24/2016,37:00.0,7.019101169
454,10,9/24/2016,37:00.0,5.591517041
455,11,9/24/2016,37:00.0,8.466519156
456,12,9/24/2016,37:00.0,18.92779364
457,1,9/24/2016,37:10.0,18.61203322
458,2,9/24/2016,37:10.0,7.885706029
459,3,9/24/2016,37:10.0,9.404889373
460,4,9/24/2016,37:10.0,14.49045534
461,5,9/24/2016,37:10.0,21.04945312
462,6,9/24/2016,37:10.0,18.3327569
463,7,9/24/2016,37:10.0,13.75239377
464,8,9/24/2016,37:10.0,13.06923251
465,9,9/24/2016,37:10.0,8.470694652
466,10,9/24/2016,37:10.0,14.00789922
467,11,9/24/2016,37:10.0,12.83723383
468,12,9/24/2016,37:10.0,16.25537347
469,1,9/24/2016,37:20.0,18.06028213
470,2,9/24/2016,37:20.0,6.427992895
471,3,9/24/2016,37:20.0,9.433797198
472,4,9/24/2016,37:20.0,18.3752308
473,5,9/24/2016,37:20.0,9.755209201
474,6,9/24/2016,37:20.0,18.88306479
475,7,9/24/2016,37:20.0,20.45705437
476,8,9/24/2016,37:20.0,8.816650656
477,9,9/24/2016,37:20.0,20.88633563
478,10,9/24/2016,37:20.0,18.56132896
479,11,9/24/2016,37:20.0,5.49944962
480,12,9/24/2016,37:20.0,20.60685087
481,1,9/24/2016,37:30.0,21.53564271
482,2,9/24/2016,37:30.0,16.79446106
483,3,9/24/2016,37:30.0,3.2948621
484,4,9/24/2016,37:30.0,14.6458272
485,5,9/24/2016,37:30.0,4.614023757
486,6,9/24/2016,37:30.0,16.06129042
487,7,9/24/2016,37:30.0,10.28160807
488,8,9/24/2016,37:30.0,7.780857181
489,9,9/24/2016,37:30.0,14.25336946
490,10,9/24/2016,37:30.0,5.906646178
491,11,9/24/2016,37:30.0,22.45137447
492,12,9/24/2016,37:30.0,8.278895806
493,1,9/24/2016,37:40.0,5.343073544
494,2,9/24/2016,37:40.0,4.502420466
495,3,9/24/2016,37:40.0,9.590647487
496,4,9/24/2016,37:40.0,13.22884285
497,5,9/24/2016,37:40.0,22.6736482
498,6,9/24/2016,37:40.0,5.740844555
499,7,9/24/2016,37:40.0,20.11013476
500,8,9/24/2016,37:40.0,3.924665002
501,9,9/24/2016,37:40.0,15.7613554
502,10,9/24/2016,37:40.0,16.11460944
503,11,9/24/2016,37:40.0,4.51851993
504,12,9/24/2016,37:40.0,16.93185095
505,1,9/24/2016,37:50.0,22.94424404
506,2,9/24/2016,37:50.0,14.50630389
507,3,9/24/2016,37:50.0,9.509725551
508,4,9/24/2016,37:50.0,19.91458076
509,5,9/24/2016,37:50.0,21.41876657
510,6,9/24/2016,37:50.0,19.22280586
511,7,9/24/2016,37:50.0,20.41665856
512,8,9/24/2016,37:50.0,9.55735295
513,9,9/24/2016,37:50.0,12.6152975
514,10,9/24/2016,37:50.0,13.28414251
515,11,9/24/2016,37:50.0,4.966352184
516,12,9/24/2016,37:50.0,8.521650301
517,1,9/24/2016,38:00.0,3.731603027
518,2,9/24/2016,38:00.0,19.91075992
519,3,9/24/2016,38:00.0,7.242712869
520,4,9/24/2016,38:00.0,14.45984
521,5,9/24/2016,38:00.0,5.954716005
522,6,9/24/2016,38:00.0,17.04949737
523,7,9/24/2016,38:00.0,13.41011419
524,8,9/24/2016,38:00.0,5.73052365
525,9,9/24/2016,38:00.0,7.155085681
526,10,9/24/2016,38:00.0,3.926981442
527,11,9/24/2016,38:00.0,14.87431285
528,12,9/24/2016,38:00.0,19.39160048
529,1,9/24/2016,38:10.0,6.918251044
530,2,9/24/2016,38:10.0,7.869693759
531,3,9/24/2016,38:10.0,22.63650277
532,4,9/24/2016,38:10.0,9.208652785
533,5,9/24/2016,38:10.0,12.95817823
534,6,9/24/2016,38:10.0,15.07527999
535,7,9/24/2016,38:10.0,5.865297353
536,8,9/24/2016,38:10.0,8.737759476
537,9,9/24/2016,38:10.0,14.09819086
538,10,9/24/2016,38:10.0,18.01262053
539,11,9/24/2016,38:10.0,19.58612704
540,12,9/24/2016,38:10.0,21.778442
541,1,9/24/2016,38:20.0,7.668995416
542,2,9/24/2016,38:20.0,14.14885723
543,3,9/24/2016,38:20.0,21.7825166
544,4,9/24/2016,38:20.0,22.49519415
545,5,9/24/2016,38:20.0,12.57696669
546,6,9/24/2016,38:20.0,14.31218853
547,7,9/24/2016,38:20.0,11.05454106
548,8,9/24/2016,38:20.0,5.195111845
549,9,9/24/2016,38:20.0,21.19212062
550,10,9/24/2016,38:20.0,6.591844975
551,11,9/24/2016,38:20.0,6.324720317
552,12,9/24/2016,38:20.0,20.01578296
553,1,9/24/2016,38:30.0,4.70152252
554,2,9/24/2016,38:30.0,18.5204519
555,3,9/24/2016,38:30.0,21.63297453
556,4,9/24/2016,38:30.0,17.33211849
557,5,9/24/2016,38:30.0,22.05521262
558,6,9/24/2016,38:30.0,21.71224738
559,7,9/24/2016,38:30.0,17.79403868
560,8,9/24/2016,38:30.0,11.36383763
561,9,9/24/2016,38:30.0,12.39029167
562,10,9/24/2016,38:30.0,6.290484548
563,11,9/24/2016,38:30.0,16.07073586
564,12,9/24/2016,38:30.0,15.59593509
565,1,9/24/2016,38:40.0,17.60802709
566,2,9/24/2016,38:40.0,15.58475257
567,3,9/24/2016,38:40.0,5.163378913
568,4,9/24/2016,38:40.0,19.85486118
569,5,9/24/2016,38:40.0,16.75389661
570,6,9/24/2016,38:40.0,9.068833819
571,7,9/24/2016,38:40.0,15.31185185
572,8,9/24/2016,38:40.0,15.3482917
573,9,9/24/2016,38:40.0,21.17871031
574,10,9/24/2016,38:40.0,17.21024283
575,11,9/24/2016,38:40.0,10.81911513
576,12,9/24/2016,38:40.0,3.498033455
577,1,9/24/2016,38:50.0,11.32191262
578,2,9/24/2016,38:50.0,21.86434461
579,3,9/24/2016,38:50.0,17.36064766
580,4,9/24/2016,38:50.0,13.28349866
581,5,9/24/2016,38:50.0,21.17123465
582,6,9/24/2016,38:50.0,7.627360918
583,7,9/24/2016,38:50.0,14.34820373
584,8,9/24/2016,38:50.0,15.88114703
585,9,9/24/2016,38:50.0,14.09418812
586,10,9/24/2016,38:50.0,11.83436
587,11,9/24/2016,38:50.0,7.806762461
588,12,9/24/2016,38:50.0,10.53266971
589,1,9/24/2016,39:00.0,3.731887029
590,2,9/24/2016,39:00.0,9.632829086
591,3,9/24/2016,39:00.0,5.879990449
592,4,9/24/2016,39:00.0,4.948885804
593,5,9/24/2016,39:00.0,17.46316366
594,6,9/24/2016,39:00.0,19.87079669
595,7,9/24/2016,39:00.0,3.399974882
596,8,9/24/2016,39:00.0,10.35452962
597,9,9/24/2016,39:00.0,21.34935789
598,10,9/24/2016,39:00.0,13.84130395
599,11,9/24/2016,39:00.0,15.57109029
600,12,9/24/2016,39:00.0,20.21504847
601,1,9/24/2016,39:10.0,11.18044796
602,2,9/24/2016,39:10.0,16.12764051
603,3,9/24/2016,39:10.0,8.953484813
604,4,9/24/2016,39:10.0,7.416839301
605,5,9/24/2016,39:10.0,8.035886064
606,6,9/24/2016,39:10.0,11.29323799
607,7,9/24/2016,39:10.0,21.62334636
608,8,9/24/2016,39:10.0,9.293952912
609,9,9/24/2016,39:10.0,16.85698042
610,10,9/24/2016,39:10.0,5.780512501
611,11,9/24/2016,39:10.0,8.628135584
612,12,9/24/2016,39:10.0,4.178502585
613,1,9/24/2016,39:20.0,7.636844
614,2,9/24/2016,39:20.0,19.09858151
615,3,9/24/2016,39:20.0,18.07751227
616,4,9/24/2016,39:20.0,17.70106513
617,5,9/24/2016,39:20.0,18.43643593
618,6,9/24/2016,39:20.0,13.28388474
619,7,9/24/2016,39:20.0,21.8987475
620,8,9/24/2016,39:20.0,8.717234234
621,9,9/24/2016,39:20.0,3.65209443
622,10,9/24/2016,39:20.0,8.526222831
623,11,9/24/2016,39:20.0,15.19739213
624,12,9/24/2016,39:20.0,21.09862381
625,1,9/24/2016,39:30.0,18.54296898
626,2,9/24/2016,39:30.0,9.683829613
627,3,9/24/2016,39:30.0,6.740173947
628,4,9/24/2016,39:30.0,7.38782781
629,5,9/24/2016,39:30.0,16.81135693
630,6,9/24/2016,39:30.0,20.73458392
631,7,9/24/2016,39:30.0,17.25294788
632,8,9/24/2016,39:30.0,7.827865141
633,9,9/24/2016,39:30.0,20.04818999
634,10,9/24/2016,39:30.0,10.3410741
635,11,9/24/2016,39:30.0,20.9617949
636,12,9/24/2016,39:30.0,20.81268064
637,1,9/24/2016,39:40.0,22.55367332
638,2,9/24/2016,39:40.0,11.64376118
639,3,9/24/2016,39:40.0,3.139022701
640,4,9/24/2016,39:40.0,6.170219601
641,5,9/24/2016,39:40.0,6.359615048
642,6,9/24/2016,39:40.0,8.501295615
643,7,9/24/2016,39:40.0,7.336172078
644,8,9/24/2016,39:40.0,22.31308499
645,9,9/24/2016,39:40.0,19.27344286
646,10,9/24/2016,39:40.0,15.55557087
647,11,9/24/2016,39:40.0,21.33140075
648,12,9/24/2016,39:40.0,18.89219005
649,1,9/24/2016,39:50.0,21.24606438
650,2,9/24/2016,39:50.0,12.92207579
651,3,9/24/2016,39:50.0,13.05313424
652,4,9/24/2016,39:50.0,18.97675678
653,5,9/24/2016,39:50.0,9.498632281
654,6,9/24/2016,39:50.0,16.85116362
655,7,9/24/2016,39:50.0,21.20298085
656,8,9/24/2016,39:50.0,20.57227883
657,9,9/24/2016,39:50.0,17.58545554
658,10,9/24/2016,39:50.0,21.06042289
659,11,9/24/2016,39:50.0,19.27169318
660,12,9/24/2016,39:50.0,5.319988634
661,1,9/24/2016,40:00.0,14.96682165
662,2,9/24/2016,40:00.0,11.08079235
663,3,9/24/2016,40:00.0,22.94340081
664,4,9/24/2016,40:00.0,10.35671625
665,5,9/24/2016,40:00.0,12.43884515
666,6,9/24/2016,40:00.0,10.72324601
667,7,9/24/2016,40:00.0,8.755873932
668,8,9/24/2016,40:00.0,12.549527
669,9,9/24/2016,40:00.0,14.82889169
670,10,9/24/2016,40:00.0,18.14473122
671,11,9/24/2016,40:00.0,15.54972836
672,12,9/24/2016,40:00.0,16.1065773
673,1,9/24/2016,40:10.0,4.260660584
674,2,9/24/2016,40:10.0,17.36620575
675,3,9/24/2016,40:10.0,17.60184237
676,4,9/24/2016,40:10.0,7.981880542
677,5,9/24/2016,40:10.0,8.934503355
678,6,9/24/2016,40:10.0,11.70909262
679,7,9/24/2016,40:10.0,13.53330836
680,8,9/24/2016,40:10.0,16.80251353
681,9,9/24/2016,40:10.0,6.123352557
682,10,9/24/2016,40:10.0,4.501177005
683,11,9/24/2016,40:10.0,14.43232581
684,12,9/24/2016,40:10.0,22.7916685
685,1,9/24/2016,40:20.0,22.80276486
686,2,9/24/2016,40:20.0,12.32475809
687,3,9/24/2016,40:20.0,8.508491887
688,4,9/24/2016,40:20.0,21.70125753
689,5,9/24/2016,40:20.0,6.307142418
690,6,9/24/2016,40:20.0,5.940233255
691,7,9/24/2016,40:20.0,15.29597181
692,8,9/24/2016,40:20.0,3.304395007
693,9,9/24/2016,40:20.0,15.35553856
694,10,9/24/2016,40:20.0,20.86747327
695,11,9/24/2016,40:20.0,9.078402548
696,12,9/24/2016,40:20.0,3.605548108
697,1,9/24/2016,40:30.0,6.171027893
698,2,9/24/2016,40:30.0,4.867022389
699,3,9/24/2016,40:30.0,12.80010256
700,4,9/24/2016,40:30.0,21.53082076
701,5,9/24/2016,40:30.0,4.493471356
702,6,9/24/2016,40:30.0,5.852936034
703,7,9/24/2016,40:30.0,5.949946246
704,8,9/24/2016,40:30.0,10.53969321
705,9,9/24/2016,40:30.0,22.04982256
706,10,9/24/2016,40:30.0,9.226106916
707,11,9/24/2016,40:30.0,19.65957083
708,12,9/24/2016,40:30.0,18.08065357
709,1,9/24/2016,40:40.0,22.92228565
710,2,9/24/2016,40:40.0,8.765807092
711,3,9/24/2016,40:40.0,20.69625547
712,4,9/24/2016,40:40.0,17.04314721
713,5,9/24/2016,40:40.0,10.24219572
714,6,9/24/2016,40:40.0,3.519301339
715,7,9/24/2016,40:40.0,4.086617031
716,8,9/24/2016,40:40.0,18.38584745
717,9,9/24/2016,40:40.0,10.93111913
718,10,9/24/2016,40:40.0,17.94346911
719,11,9/24/2016,40:40.0,12.71523154
720,12,9/24/2016,40:40.0,19.92792911
721,1,9/24/2016,40:50.0,14.17840766
722,2,9/24/2016,40:50.0,20.11932491
723,3,9/24/2016,40:50.0,21.46886213
724,4,9/24/2016,40:50.0,7.663923146
725,5,9/24/2016,40:50.0,15.88780759
726,6,9/24/2016,40:50.0,11.86527724
727,7,9/24/2016,40:50.0,10.39534042
728,8,9/24/2016,40:50.0,6.684403811
729,9,9/24/2016,40:50.0,16.50244504
730,10,9/24/2016,40:50.0,10.38483996
731,11,9/24/2016,40:50.0,19.41827121
732,12,9/24/2016,40:50.0,8.95414873
733,1,9/24/2016,41:00.0,6.66882819
734,2,9/24/2016,41:00.0,16.11974412
735,3,9/24/2016,41:00.0,12.97469425
736,4,9/24/2016,41:00.0,6.503528094
737,5,9/24/2016,41:00.0,10.88297096
738,6,9/24/2016,41:00.0,14.5159965
739,7,9/24/2016,41:00.0,18.75277973
740,8,9/24/2016,41:00.0,19.68463067
741,9,9/24/2016,41:00.0,9.37642853
742,10,9/24/2016,41:00.0,5.594434231
743,11,9/24/2016,41:00.0,18.03096144
744,12,9/24/2016,41:00.0,9.923304061
745,1,9/24/2016,41:10.0,21.94729389
746,2,9/24/2016,41:10.0,19.86709203
747,3,9/24/2016,41:10.0,7.123755328
748,4,9/24/2016,41:10.0,7.163909744
749,5,9/24/2016,41:10.0,11.36471949
750,6,9/24/2016,41:10.0,16.98050002
751,7,9/24/2016,41:10.0,14.35515244
752,8,9/24/2016,41:10.0,17.27225869
753,9,9/24/2016,41:10.0,14.44392658
754,10,9/24/2016,41:10.0,18.14273409
755,11,9/24/2016,41:10.0,9.043649783
756,12,9/24/2016,41:10.0,17.24323018
757,1,9/24/2016,41:20.0,21.27107784
758,2,9/24/2016,41:20.0,10.07975
759,3,9/24/2016,41:20.0,14.56876833
760,4,9/24/2016,41:20.0,11.82079098
761,5,9/24/2016,41:20.0,15.07656159
762,6,9/24/2016,41:20.0,11.79059505
763,7,9/24/2016,41:20.0,6.529686713
764,8,9/24/2016,41:20.0,18.00609359
765,9,9/24/2016,41:20.0,19.81660725
766,10,9/24/2016,41:20.0,22.08266055
767,11,9/24/2016,41:20.0,3.054071913
768,12,9/24/2016,41:20.0,17.28298792
769,1,9/24/2016,41:30.0,19.6130052
770,2,9/24/2016,41:30.0,22.7026477
771,3,9/24/2016,41:30.0,8.605052451
772,4,9/24/2016,41:30.0,6.520862128
773,5,9/24/2016,41:30.0,8.185196372
774,6,9/24/2016,41:30.0,9.115871473
775,7,9/24/2016,41:30.0,4.464432623
776,8,9/24/2016,41:30.0,7.68618687
777,9,9/24/2016,41:30.0,16.32671689
778,10,9/24/2016,41:30.0,22.44420645
779,11,9/24/2016,41:30.0,15.92082934
780,12,9/24/2016,41:30.0,14.27168925
781,1,9/24/2016,41:40.0,21.69145252
782,2,9/24/2016,41:40.0,21.43254433
783,3,9/24/2016,41:40.0,11.96963658
784,4,9/24/2016,41:40.0,3.033764465
785,5,9/24/2016,41:40.0,22.32025428
786,6,9/24/2016,41:40.0,22.07302464
787,7,9/24/2016,41:40.0,11.33573422
788,8,9/24/2016,41:40.0,8.664911551
789,9,9/24/2016,41:40.0,11.4356837
790,10,9/24/2016,41:40.0,7.865454381
791,11,9/24/2016,41:40.0,10.08278587
792,12,9/24/2016,41:40.0,21.49049312
793,1,9/24/2016,41:50.0,9.894034093
794,2,9/24/2016,41:50.0,11.60062244
795,3,9/24/2016,41:50.0,18.60960933
796,4,9/24/2016,41:50.0,8.246467087
797,5,9/24/2016,41:50.0,3.419806183
798,6,9/24/2016,41:50.0,4.554635901
799,7,9/24/2016,41:50.0,16.35308994
800,8,9/24/2016,41:50.0,12.31732543
801,9,9/24/2016,41:50.0,15.37726764
802,10,9/24/2016,41:50.0,21.87906349
803,11,9/24/2016,41:50.0,9.076519381
804,12,9/24/2016,41:50.0,8.496544716
805,1,9/24/2016,42:00.0,3.404077071
806,2,9/24/2016,42:00.0,16.63968403
807,3,9/24/2016,42:00.0,18.8843913
808,4,9/24/2016,42:00.0,11.78272225
809,5,9/24/2016,42:00.0,13.36183085
810,6,9/24/2016,42:00.0,3.377536943
811,7,9/24/2016,42:00.0,18.44359938
812,8,9/24/2016,42:00.0,20.66326958
813,9,9/24/2016,42:00.0,13.5752985
814,10,9/24/2016,42:00.0,7.133739451
815,11,9/24/2016,42:00.0,4.441787502
816,12,9/24/2016,42:00.0,4.05411641
817,1,9/24/2016,42:10.0,8.684345104
818,2,9/24/2016,42:10.0,9.039145425
819,3,9/24/2016,42:10.0,22.22879837
820,4,9/24/2016,42:10.0,17.04763894
821,5,9/24/2016,42:10.0,4.979966622
822,6,9/24/2016,42:10.0,3.939879154
823,7,9/24/2016,42:10.0,21.67882682
824,8,9/24/2016,42:10.0,21.95672992
825,9,9/24/2016,42:10.0,21.6885324
826,10,9/24/2016,42:10.0,20.5379958
827,11,9/24/2016,42:10.0,19.56967364
828,12,9/24/2016,42:10.0,18.61619199
829,1,9/24/2016,42:20.0,14.19270234
830,2,9/24/2016,42:20.0,19.51611189
831,3,9/24/2016,42:20.0,7.762854928
832,4,9/24/2016,42:20.0,22.35351223
833,5,9/24/2016,42:20.0,17.02469623
834,6,9/24/2016,42:20.0,9.618407369
835,7,9/24/2016,42:20.0,17.78280426
836,8,9/24/2016,42:20.0,20.89984233
837,9,9/24/2016,42:20.0,19.55453501
838,10,9/24/2016,42:20.0,3.027742182
839,11,9/24/2016,42:20.0,19.100397
840,12,9/24/2016,42:20.0,8.597518437
841,1,9/24/2016,42:30.0,17.96962709
842,2,9/24/2016,42:30.0,14.58574127
843,3,9/24/2016,42:30.0,21.55356013
844,4,9/24/2016,42:30.0,5.460889624
845,5,9/24/2016,42:30.0,20.35998094
846,6,9/24/2016,42:30.0,8.998392423
847,7,9/24/2016,42:30.0,9.438885685
848,8,9/24/2016,42:30.0,8.356341276
849,9,9/24/2016,42:30.0,8.897978754
850,10,9/24/2016,42:30.0,7.788682279
851,11,9/24/2016,42:30.0,4.583709411
852,12,9/24/2016,42:30.0,3.104261179
853,1,9/24/2016,42:40.0,10.05328634
854,2,9/24/2016,42:40.0,17.74344147
855,3,9/24/2016,42:40.0,11.348248
856,4,9/24/2016,42:40.0,15.46179447
857,5,9/24/2016,42:40.0,8.202062543
858,6,9/24/2016,42:40.0,15.55006828
859,7,9/24/2016,42:40.0,19.18066573
860,8,9/24/2016,42:40.0,10.47219086
861,9,9/24/2016,42:40.0,20.96738189
862,10,9/24/2016,42:40.0,5.144533293
863,11,9/24/2016,42:40.0,6.924181456
864,12,9/24/2016,42:40.0,10.97867072
865,1,9/24/2016,42:50.0,6.861424765
866,2,9/24/2016,42:50.0,20.10856647
867,3,9/24/2016,42:50.0,16.88729178
868,4,9/24/2016,42:50.0,4.003465386
869,5,9/24/2016,42:50.0,5.152107968
870,6,9/24/2016,42:50.0,13.68741372
871,7,9/24/2016,42:50.0,15.31296128
872,8,9/24/2016,42:50.0,5.618807455
873,9,9/24/2016,42:50.0,9.542267104
874,10,9/24/2016,42:50.0,4.515213377
875,11,9/24/2016,42:50.0,4.991478992
876,12,9/24/2016,42:50.0,4.693287293
877,1,9/24/2016,43:00.0,19.06202059
878,2,9/24/2016,43:00.0,8.477296563
879,3,9/24/2016,43:00.0,21.31343253
880,4,9/24/2016,43:00.0,12.06049809
881,5,9/24/2016,43:00.0,8.247650412
882,6,9/24/2016,43:00.0,4.39603941
883,7,9/24/2016,43:00.0,11.96993726
884,8,9/24/2016,43:00.0,6.300349021
885,9,9/24/2016,43:00.0,19.47056389
886,10,9/24/2016,43:00.0,17.8277392
887,11,9/24/2016,43:00.0,4.72170682
888,12,9/24/2016,43:00.0,9.467087773
889,1,9/24/2016,43:10.0,7.806428232
890,2,9/24/2016,43:10.0,11.98319003
891,3,9/24/2016,43:10.0,17.80170282
892,4,9/24/2016,43:10.0,15.01588469
893,5,9/24/2016,43:10.0,16.72080994
894,6,9/24/2016,43:10.0,12.37870685
895,7,9/24/2016,43:10.0,20.72442818
896,8,9/24/2016,43:10.0,10.47660715
897,9,9/24/2016,43:10.0,7.901318616
898,10,9/24/2016,43:10.0,13.09676395
899,11,9/24/2016,43:10.0,6.584273935
900,12,9/24/2016,43:10.0,6.187084471
901,1,9/24/2016,43:20.0,13.20161354
902,2,9/24/2016,43:20.0,5.041194936
903,3,9/24/2016,43:20.0,12.22902592
904,4,9/24/2016,43:20.0,14.77138962
905,5,9/24/2016,43:20.0,11.02590574
906,6,9/24/2016,43:20.0,4.840025999
907,7,9/24/2016,43:20.0,9.352503102
908,8,9/24/2016,43:20.0,19.15268657
909,9,9/24/2016,43:20.0,18.43758524
910,10,9/24/2016,43:20.0,13.29777133
911,11,9/24/2016,43:20.0,16.49260804
912,12,9/24/2016,43:20.0,7.424793409
913,1,9/24/2016,43:30.0,18.41414348
914,2,9/24/2016,43:30.0,11.27861524
915,3,9/24/2016,43:30.0,22.73065599
916,4,9/24/2016,43:30.0,22.27431362
917,5,9/24/2016,43:30.0,8.164555702
918,6,9/24/2016,43:30.0,10.62857369
919,7,9/24/2016,43:30.0,16.78023003
920,8,9/24/2016,43:30.0,13.32223207
921,9,9/24/2016,43:30.0,8.923191816
922,10,9/24/2016,43:30.0,22.52897118
923,11,9/24/2016,43:30.0,13.43583192
924,12,9/24/2016,43:30.0,21.32752007
925,1,9/24/2016,43:40.0,5.36222665
926,2,9/24/2016,43:40.0,16.88166618
927,3,9/24/2016,43:40.0,5.188922288
928,4,9/24/2016,43:40.0,21.23940712
929,5,9/24/2016,43:40.0,12.87066799
930,6,9/24/2016,43:40.0,8.733206834
931,7,9/24/2016,43:40.0,18.81991745
932,8,9/24/2016,43:40.0,5.309769415
933,9,9/24/2016,43:40.0,20.32063456
934,10,9/24/2016,43:40.0,18.65983631
935,11,9/24/2016,43:40.0,17.3987025
936,12,9/24/2016,43:40.0,22.47519523
937,1,9/24/2016,43:50.0,13.61389071
938,2,9/24/2016,43:50.0,22.33814113
939,3,9/24/2016,43:50.0,12.74423316
940,4,9/24/2016,43:50.0,16.95617669
941,5,9/24/2016,43:50.0,16.95483621
942,6,9/24/2016,43:50.0,15.19899057
943,7,9/24/2016,43:50.0,18.46034312
944,8,9/24/2016,43:50.0,22.09159373
945,9,9/24/2016,43:50.0,20.53603488
946,10,9/24/2016,43:50.0,21.1563161
947,11,9/24/2016,43:50.0,8.04393569
948,12,9/24/2016,43:50.0,11.7469767
949,1,9/24/2016,44:00.0,7.956780215
950,2,9/24/2016,44:00.0,6.541106886
951,3,9/24/2016,44:00.0,4.7407463
952,4,9/24/2016,44:00.0,20.59375872
953,5,9/24/2016,44:00.0,18.20651805
954,6,9/24/2016,44:00.0,7.596514434
955,7,9/24/2016,44:00.0,20.48273459
956,8,9/24/2016,44:00.0,19.87893372
957,9,9/24/2016,44:00.0,17.51939458
958,10,9/24/2016,44:00.0,7.269727448
959,11,9/24/2016,44:00.0,11.64390541
960,12,9/24/2016,44:00.0,12.38952965
961,1,9/24/2016,44:10.0,5.026795279
962,2,9/24/2016,44:10.0,18.74478033
963,3,9/24/2016,44:10.0,10.49618078
964,4,9/24/2016,44:10.0,7.31052285
965,5,9/24/2016,44:10.0,20.11358564
966,6,9/24/2016,44:10.0,8.322766623
967,7,9/24/2016,44:10.0,7.622923683
968,8,9/24/2016,44:10.0,4.485150637
969,9,9/24/2016,44:10.0,22.15432366
970,10,9/24/2016,44:10.0,4.359583209
971,11,9/24/2016,44:10.0,12.27817601
972,12,9/24/2016,44:10.0,13.67475889
973,1,9/24/2016,44:20.0,17.71372867
974,2,9/24/2016,44:20.0,13.60992615
975,3,9/24/2016,44:20.0,13.75521401
976,4,9/24/2016,44:20.0,21.10214862
977,5,9/24/2016,44:20.0,10.65297343
978,6,9/24/2016,44:20.0,12.53357579
979,7,9/24/2016,44:20.0,18.33164816
980,8,9/24/2016,44:20.0,21.57568775
981,9,9/24/2016,44:20.0,3.431546142
982,10,9/24/2016,44:20.0,10.88646211
983,11,9/24/2016,44:20.0,22.02540548
984,12,9/24/2016,44:20.0,6.123851154
985,1,9/24/2016,44:30.0,10.25766685
986,2,9/24/2016,44:30.0,17.94483543
987,3,9/24/2016,44:30.0,22.97881562
988,4,9/24/2016,44:30.0,10.55130556
989,5,9/24/2016,44:30.0,17.3032844
990,6,9/24/2016,44:30.0,5.895913204
991,7,9/24/2016,44:30.0,16.93709078
992,8,9/24/2016,44:30.0,18.08299578
993,9,9/24/2016,44:30.0,12.48945643
994,10,9/24/2016,44:30.0,20.81519705
995,11,9/24/2016,44:30.0,13.81701021
996,12,9/24/2016,44:30.0,21.81933084
997,1,9/24/2016,44:40.0,6.821586802
998,2,9/24/2016,44:40.0,14.36248509
999,3,9/24/2016,44:40.0,7.063319351
1000,4,9/24/2016,44:40.0,18.5894325
1001,5,9/24/2016,44:40.0,5.444452819
1002,6,9/24/2016,44:40.0,19.65465192
1003,7,9/24/2016,44:40.0,9.31158253
1004,8,9/24/2016,44:40.0,17.38050148
1005,9,9/24/2016,44:40.0,11.63766011
1006,10,9/24/2016,44:40.0,20.97358634
1007,11,9/24/2016,44:40.0,6.528851004
1008,12,9/24/2016,44:40.0,10.49929915
1009,1,9/24/2016,44:50.0,10.12544937
1010,2,9/24/2016,44:50.0,6.076199849
1011,3,9/24/2016,44:50.0,14.81335076
1012,4,9/24/2016,44:50.0,7.896683972
1013,5,9/24/2016,44:50.0,20.58210263
1014,6,9/24/2016,44:50.0,8.269542781
1015,7,9/24/2016,44:50.0,8.418060123
1016,8,9/24/2016,44:50.0,15.95656221
1017,9,9/24/2016,44:50.0,4.028393167
1018,10,9/24/2016,44:50.0,9.693042252
1019,11,9/24/2016,44:50.0,6.696357821
1020,12,9/24/2016,44:50.0,17.87953273
1021,1,9/24/2016,45:00.0,4.957369249
1022,2,9/24/2016,45:00.0,7.832050632
1023,3,9/24/2016,45:00.0,20.4010807
1024,4,9/24/2016,45:00.0,19.73685264
1025,5,9/24/2016,45:00.0,5.087743277
1026,6,9/24/2016,45:00.0,18.0465131
1027,7,9/24/2016,45:00.0,18.89351792
1028,8,9/24/2016,45:00.0,13.15514729
1029,9,9/24/2016,45:00.0,11.07422265
1030,10,9/24/2016,45:00.0,7.691947226
1031,11,9/24/2016,45:00.0,20.72489838
1032,12,9/24/2016,45:00.0,15.88447456
1033,1,9/24/2016,45:10.0,10.3703415
1034,2,9/24/2016,45:10.0,12.15127502
1035,3,9/24/2016,45:10.0,12.1114975
1036,4,9/24/2016,45:10.0,9.704932344
1037,5,9/24/2016,45:10.0,14.05477332
1038,6,9/24/2016,45:10.0,7.948654311
1039,7,9/24/2016,45:10.0,13.68255898
1040,8,9/24/2016,45:10.0,7.002294653
1041,9,9/24/2016,45:10.0,18.15065289
1042,10,9/24/2016,45:10.0,10.87078406
1043,11,9/24/2016,45:10.0,21.21328195
1044,12,9/24/2016,45:10.0,11.55450635
1045,1,9/24/2016,45:20.0,9.645324895
1046,2,9/24/2016,45:20.0,16.17816793
1047,3,9/24/2016,45:20.0,18.66129249
1048,4,9/24/2016,45:20.0,8.771942379
1049,5,9/24/2016,45:20.0,9.902643802
1050,6,9/24/2016,45:20.0,16.99899295
1051,7,9/24/2016,45:20.0,21.47078027
1052,8,9/24/2016,45:20.0,21.24755674
1053,9,9/24/2016,45:20.0,13.91014513
1054,10,9/24/2016,45:20.0,3.62370273
1055,11,9/24/2016,45:20.0,19.60681054
1056,12,9/24/2016,45:20.0,6.318153046
1057,1,9/24/2016,45:30.0,20.3483666
1058,2,9/24/2016,45:30.0,15.19722494
1059,3,9/24/2016,45:30.0,7.657083052
1060,4,9/24/2016,45:30.0,15.10574992
1061,5,9/24/2016,45:30.0,14.77428028
1062,6,9/24/2016,45:30.0,19.49184618
1063,7,9/24/2016,45:30.0,13.7103816
1064,8,9/24/2016,45:30.0,10.84851797
1065,9,9/24/2016,45:30.0,15.09025949
1066,10,9/24/2016,45:30.0,15.56654922
1067,11,9/24/2016,45:30.0,3.511498676
1068,12,9/24/2016,45:30.0,3.041702666
1069,1,9/24/2016,45:40.0,14.36607935
1070,2,9/24/2016,45:40.0,21.61289094
1071,3,9/24/2016,45:40.0,5.309454231
1072,4,9/24/2016,45:40.0,14.42442306
1073,5,9/24/2016,45:40.0,12.35128599
1074,6,9/24/2016,45:40.0,18.3972664
1075,7,9/24/2016,45:40.0,12.8319397
1076,8,9/24/2016,45:40.0,18.20489013
1077,9,9/24/2016,45:40.0,8.203017124
1078,10,9/24/2016,45:40.0,11.27043386
1079,11,9/24/2016,45:40.0,8.518116189
1080,12,9/24/2016,45:40.0,7.392020679
1081,1,9/24/2016,45:50.0,10.24318835
1082,2,9/24/2016,45:50.0,11.39971984
1083,3,9/24/2016,45:50.0,21.22382329
1084,4,9/24/2016,45:50.0,3.508412345
1085,5,9/24/2016,45:50.0,20.01797017
1086,6,9/24/2016,45:50.0,20.41319732
1087,7,9/24/2016,45:50.0,8.269363006
1088,8,9/24/2016,45:50.0,18.00283257
1089,9,9/24/2016,45:50.0,19.02510936
1090,10,9/24/2016,45:50.0,21.11155414
1091,11,9/24/2016,45:50.0,6.163080825
1092,12,9/24/2016,45:50.0,16.82419808
1093,1,9/24/2016,46:00.0,6.559404221
1094,2,9/24/2016,46:00.0,11.54120972
1095,3,9/24/2016,46:00.0,12.39518912
1096,4,9/24/2016,46:00.0,22.25091618
1097,5,9/24/2016,46:00.0,16.00134681
1098,6,9/24/2016,46:00.0,12.57884168
1099,7,9/24/2016,46:00.0,5.142189446
1100,8,9/24/2016,46:00.0,10.6751143
1101,9,9/24/2016,46:00.0,3.554129721
1102,10,9/24/2016,46:00.0,15.46094771
1103,11,9/24/2016,46:00.0,6.54488674
1104,12,9/24/2016,46:00.0,8.637629615
1105,1,9/24/2016,46:10.0,19.06552342
1106,2,9/24/2016,46:10.0,6.827441962
1107,3,9/24/2016,46:10.0,3.807163156
1108,4,9/24/2016,46:10.0,12.20301417
1109,5,9/24/2016,46:10.0,11.64088522
1110,6,9/24/2016,46:10.0,18.9500176
1111,7,9/24/2016,46:10.0,21.3165764
1112,8,9/24/2016,46:10.0,9.642959081
1113,9,9/24/2016,46:10.0,15.16290417
1114,10,9/24/2016,46:10.0,17.34304355
1115,11,9/24/2016,46:10.0,12.6419701
1116,12,9/24/2016,46:10.0,16.05466738
1117,1,9/24/2016,46:20.0,10.81014452
1118,2,9/24/2016,46:20.0,9.898776539
1119,3,9/24/2016,46:20.0,8.756806817
1120,4,9/24/2016,46:20.0,14.60722239
1121,5,9/24/2016,46:20.0,14.08133131
1122,6,9/24/2016,46:20.0,18.76072262
1123,7,9/24/2016,46:20.0,19.71795674
1124,8,9/24/2016,46:20.0,4.269889254
1125,9,9/24/2016,46:20.0,7.419843723
1126,10,9/24/2016,46:20.0,12.37373417
1127,11,9/24/2016,46:20.0,5.191543669
1128,12,9/24/2016,46:20.0,21.65623953
1129,1,9/24/2016,46:30.0,3.458126016
1130,2,9/24/2016,46:30.0,6.102329613
1131,3,9/24/2016,46:30.0,13.4294503
1132,4,9/24/2016,46:30.0,4.47786279
1133,5,9/24/2016,46:30.0,10.42144594
1134,6,9/24/2016,46:30.0,9.894721919
1135,7,9/24/2016,46:30.0,17.06783178
1136,8,9/24/2016,46:30.0,9.471946459
1137,9,9/24/2016,46:30.0,6.653658777
1138,10,9/24/2016,46:30.0,17.02685602
1139,11,9/24/2016,46:30.0,21.46131187
1140,12,9/24/2016,46:30.0,11.62828216
1141,1,9/24/2016,46:40.0,16.06963777
1142,2,9/24/2016,46:40.0,8.522880638
1143,3,9/24/2016,46:40.0,16.46350338
1144,4,9/24/2016,46:40.0,16.81791274
1145,5,9/24/2016,46:40.0,15.85842632
1146,6,9/24/2016,46:40.0,20.505718
1147,7,9/24/2016,46:40.0,12.53564815
1148,8,9/24/2016,46:40.0,7.519956
1149,9,9/24/2016,46:40.0,11.7207448
1150,10,9/24/2016,46:40.0,8.845582488
1151,11,9/24/2016,46:40.0,17.16183967
1152,12,9/24/2016,46:40.0,8.799212682
1153,1,9/24/2016,46:50.0,21.23795304
1154,2,9/24/2016,46:50.0,16.86270028
1155,3,9/24/2016,46:50.0,11.98569763
1156,4,9/24/2016,46:50.0,19.33571807
1157,5,9/24/2016,46:50.0,5.259713132
1158,6,9/24/2016,46:50.0,7.850068583
1159,7,9/24/2016,46:50.0,11.14371007
1160,8,9/24/2016,46:50.0,15.6651861
1161,9,9/24/2016,46:50.0,18.39941373
1162,10,9/24/2016,46:50.0,20.92420308
1163,11,9/24/2016,46:50.0,19.98279685
1164,12,9/24/2016,46:50.0,19.60088868
1165,1,9/24/2016,47:00.0,10.8799513
1166,2,9/24/2016,47:00.0,11.30547882
1167,3,9/24/2016,47:00.0,15.1949119
1168,4,9/24/2016,47:00.0,13.27423451
1169,5,9/24/2016,47:00.0,18.31992924
1170,6,9/24/2016,47:00.0,12.91731621
1171,7,9/24/2016,47:00.0,15.10238312
1172,8,9/24/2016,47:00.0,19.83865226
1173,9,9/24/2016,47:00.0,4.814736024
1174,10,9/24/2016,47:00.0,22.70316653
1175,11,9/24/2016,47:00.0,9.468742221
1176,12,9/24/2016,47:00.0,15.87456542
1177,1,9/24/2016,47:10.0,8.66265053
1178,2,9/24/2016,47:10.0,10.63309291
1179,3,9/24/2016,47:10.0,13.30467034
1180,4,9/24/2016,47:10.0,8.455265514
1181,5,9/24/2016,47:10.0,4.745914973
1182,6,9/24/2016,47:10.0,21.3416318
1183,7,9/24/2016,47:10.0,6.82658932
1184,8,9/24/2016,47:10.0,20.49323095
1185,9,9/24/2016,47:10.0,18.84392366
1186,10,9/24/2016,47:10.0,19.95415896
1187,11,9/24/2016,47:10.0,15.1529104
1188,12,9/24/2016,47:10.0,21.03357897
1189,1,9/24/2016,47:20.0,11.6420576
1190,2,9/24/2016,47:20.0,13.53519581
1191,3,9/24/2016,47:20.0,15.97392237
1192,4,9/24/2016,47:20.0,7.708503185
1193,5,9/24/2016,47:20.0,9.898963153
1194,6,9/24/2016,47:20.0,14.70404619
1195,7,9/24/2016,47:20.0,6.852368813
1196,8,9/24/2016,47:20.0,20.3832697
1197,9,9/24/2016,47:20.0,14.78824562
1198,10,9/24/2016,47:20.0,20.34034342
1199,11,9/24/2016,47:20.0,20.39143794
1200,12,9/24/2016,47:20.0,22.14351053
1201,1,9/24/2016,47:30.0,13.93131745
1202,2,9/24/2016,47:30.0,18.45191904
1203,3,9/24/2016,47:30.0,15.41145355
1204,4,9/24/2016,47:30.0,15.51131668
1205,5,9/24/2016,47:30.0,18.97131148
1206,6,9/24/2016,47:30.0,14.28689785
1207,7,9/24/2016,47:30.0,17.27364661
1208,8,9/24/2016,47:30.0,6.262649181
1209,9,9/24/2016,47:30.0,13.77402995
1210,10,9/24/2016,47:30.0,19.1611084
1211,11,9/24/2016,47:30.0,12.83920097
1212,12,9/24/2016,47:30.0,18.81376361
1213,1,9/24/2016,47:40.0,5.644257547
1214,2,9/24/2016,47:40.0,9.372901089
1215,3,9/24/2016,47:40.0,22.12461481
1216,4,9/24/2016,47:40.0,10.66979775
1217,5,9/24/2016,47:40.0,4.517168722
1218,6,9/24/2016,47:40.0,18.01377124
1219,7,9/24/2016,47:40.0,18.20055365
1220,8,9/24/2016,47:40.0,21.59809345
1221,9,9/24/2016,47:40.0,21.51446212
1222,10,9/24/2016,47:40.0,20.88428418
1223,11,9/24/2016,47:40.0,18.2477862
1224,12,9/24/2016,47:40.0,19.05494842
1225,1,9/24/2016,47:50.0,17.3942768
1226,2,9/24/2016,47:50.0,20.05944377
1227,3,9/24/2016,47:50.0,7.472029047
1228,4,9/24/2016,47:50.0,7.574022927
1229,5,9/24/2016,47:50.0,9.469275873
1230,6,9/24/2016,47:50.0,14.1173517
1231,7,9/24/2016,47:50.0,17.85727766
1232,8,9/24/2016,47:50.0,22.60300092
1233,9,9/24/2016,47:50.0,19.12423132
1234,10,9/24/2016,47:50.0,12.58435461
1235,11,9/24/2016,47:50.0,7.251236092
1236,12,9/24/2016,47:50.0,7.045437672
1237,1,9/24/2016,48:00.0,13.9733951
1238,2,9/24/2016,48:00.0,17.86305146
1239,3,9/24/2016,48:00.0,3.760033119
1240,4,9/24/2016,48:00.0,18.32412933
1241,5,9/24/2016,48:00.0,19.62007187
1242,6,9/24/2016,48:00.0,20.97410114
1243,7,9/24/2016,48:00.0,9.841169787
1244,8,9/24/2016,48:00.0,16.88886036
1245,9,9/24/2016,48:00.0,11.64377816
1246,10,9/24/2016,48:00.0,18.00667539
1247,11,9/24/2016,48:00.0,15.18713418
1248,12,9/24/2016,48:00.0,14.36887016
1249,1,9/24/2016,48:10.0,9.488532407
1250,2,9/24/2016,48:10.0,20.03948408
1251,3,9/24/2016,48:10.0,15.42020123
1252,4,9/24/2016,48:10.0,20.35861173
1253,5,9/24/2016,48:10.0,18.56416203
1254,6,9/24/2016,48:10.0,9.922297047
1255,7,9/24/2016,48:10.0,15.78073504
1256,8,9/24/2016,48:10.0,15.3607316
1257,9,9/24/2016,48:10.0,12.8971375
1258,10,9/24/2016,48:10.0,7.572873452
1259,11,9/24/2016,48:10.0,15.61140194
1260,12,9/24/2016,48:10.0,20.69879487
1261,1,9/24/2016,48:20.0,19.68491303
1262,2,9/24/2016,48:20.0,8.158986267
1263,3,9/24/2016,48:20.0,12.92401467
1264,4,9/24/2016,48:20.0,10.83776015
1265,5,9/24/2016,48:20.0,6.440369366
1266,6,9/24/2016,48:20.0,5.848183784
1267,7,9/24/2016,48:20.0,3.678869597
1268,8,9/24/2016,48:20.0,16.3441741
1269,9,9/24/2016,48:20.0,19.07524975
1270,10,9/24/2016,48:20.0,20.18266694
1271,11,9/24/2016,48:20.0,14.00204105
1272,12,9/24/2016,48:20.0,19.36516578
1273,1,9/24/2016,48:30.0,7.121257433
1274,2,9/24/2016,48:30.0,17.11626364
1275,3,9/24/2016,48:30.0,11.44807564
1276,4,9/24/2016,48:30.0,19.50775576
1277,5,9/24/2016,48:30.0,17.33864677
1278,6,9/24/2016,48:30.0,8.101761199
1279,7,9/24/2016,48:30.0,17.33808601
1280,8,9/24/2016,48:30.0,13.34130706
1281,9,9/24/2016,48:30.0,22.47664843
1282,10,9/24/2016,48:30.0,8.156496421
1283,11,9/24/2016,48:30.0,10.81842586
1284,12,9/24/2016,48:30.0,8.136110449
1285,1,9/24/2016,48:40.0,12.27035917
1286,2,9/24/2016,48:40.0,21.62728181
1287,3,9/24/2016,48:40.0,8.318902143
1288,4,9/24/2016,48:40.0,4.150567839
1289,5,9/24/2016,48:40.0,6.138743373
1290,6,9/24/2016,48:40.0,16.12138611
1291,7,9/24/2016,48:40.0,16.00820078
1292,8,9/24/2016,48:40.0,22.86447609
1293,9,9/24/2016,48:40.0,4.656457379
1294,10,9/24/2016,48:40.0,3.213754478
1295,11,9/24/2016,48:40.0,18.4696056
1296,12,9/24/2016,48:40.0,12.11087576
1297,1,9/24/2016,48:50.0,7.734478667
1298,2,9/24/2016,48:50.0,19.31860011
1299,3,9/24/2016,48:50.0,6.269190705
1300,4,9/24/2016,48:50.0,5.158415484
1301,5,9/24/2016,48:50.0,12.87026695
1302,6,9/24/2016,48:50.0,6.694882834
1303,7,9/24/2016,48:50.0,4.030240519
1304,8,9/24/2016,48:50.0,15.44429568
1305,9,9/24/2016,48:50.0,13.3164525
1306,10,9/24/2016,48:50.0,20.35504397
1307,11,9/24/2016,48:50.0,21.77633134
1308,12,9/24/2016,48:50.0,6.691324118
1309,1,9/24/2016,49:00.0,9.225010841
1310,2,9/24/2016,49:00.0,20.03674713
1311,3,9/24/2016,49:00.0,15.72266223
1312,4,9/24/2016,49:00.0,17.53582029
1313,5,9/24/2016,49:00.0,4.209978089
1314,6,9/24/2016,49:00.0,4.61693526
1315,7,9/24/2016,49:00.0,12.97984659
1316,8,9/24/2016,49:00.0,8.914061285
1317,9,9/24/2016,49:00.0,13.72889272
1318,10,9/24/2016,49:00.0,4.789394885
1319,11,9/24/2016,49:00.0,4.826463037
1320,12,9/24/2016,49:00.0,16.88938641
1321,1,9/24/2016,49:10.0,9.146082405
1322,2,9/24/2016,49:10.0,9.572646057
1323,3,9/24/2016,49:10.0,3.547822911
1324,4,9/24/2016,49:10.0,11.24344505
1325,5,9/24/2016,49:10.0,14.33489704
1326,6,9/24/2016,49:10.0,11.7100467
1327,7,9/24/2016,49:10.0,6.947182071
1328,8,9/24/2016,49:10.0,8.963455544
1329,9,9/24/2016,49:10.0,4.16012895
1330,10,9/24/2016,49:10.0,14.96845822
1331,11,9/24/2016,49:10.0,21.30998948
1332,12,9/24/2016,49:10.0,3.952449977
1333,1,9/24/2016,49:20.0,9.955269159
1334,2,9/24/2016,49:20.0,14.93414371
1335,3,9/24/2016,49:20.0,21.78385682
1336,4,9/24/2016,49:20.0,18.83938835
1337,5,9/24/2016,49:20.0,8.225386361
1338,6,9/24/2016,49:20.0,10.16757019
1339,7,9/24/2016,49:20.0,19.35483144
1340,8,9/24/2016,49:20.0,4.455994065
1341,9,9/24/2016,49:20.0,6.934193044
1342,10,9/24/2016,49:20.0,6.558317634
1343,11,9/24/2016,49:20.0,10.39233587
1344,12,9/24/2016,49:20.0,10.77668081
1345,1,9/24/2016,49:30.0,21.23689536
1346,2,9/24/2016,49:30.0,16.85097165
1347,3,9/24/2016,49:30.0,8.157534649
1348,4,9/24/2016,49:30.0,10.81089742
1349,5,9/24/2016,49:30.0,9.20458983
1350,6,9/24/2016,49:30.0,10.99166821
1351,7,9/24/2016,49:30.0,20.0416714
1352,8,9/24/2016,49:30.0,22.55071531
1353,9,9/24/2016,49:30.0,17.42918255
1354,10,9/24/2016,49:30.0,8.964283188
1355,11,9/24/2016,49:30.0,4.291460113
1356,12,9/24/2016,49:30.0,11.77590965
1357,1,9/24/2016,49:40.0,18.18104996
1358,2,9/24/2016,49:40.0,18.18271818
1359,3,9/24/2016,49:40.0,10.03563925
1360,4,9/24/2016,49:40.0,21.64720006
1361,5,9/24/2016,49:40.0,22.9488991
1362,6,9/24/2016,49:40.0,10.49624606
1363,7,9/24/2016,49:40.0,22.30881783
1364,8,9/24/2016,49:40.0,15.59743545
1365,9,9/24/2016,49:40.0,8.099182085
1366,10,9/24/2016,49:40.0,4.940976608
1367,11,9/24/2016,49:40.0,3.37430069
1368,12,9/24/2016,49:40.0,14.48475846
1369,1,9/24/2016,49:50.0,21.86443429
1370,2,9/24/2016,49:50.0,3.398825729
1371,3,9/24/2016,49:50.0,6.406975908
1372,4,9/24/2016,49:50.0,9.660489466
1373,5,9/24/2016,49:50.0,15.49235115
1374,6,9/24/2016,49:50.0,4.38666086
1375,7,9/24/2016,49:50.0,19.54248698
1376,8,9/24/2016,49:50.0,8.682880824
1377,9,9/24/2016,49:50.0,8.49463969
1378,10,9/24/2016,49:50.0,3.101615538
1379,11,9/24/2016,49:50.0,18.51940352
1380,12,9/24/2016,49:50.0,7.191586749
1381,1,9/24/2016,50:00.0,6.700800533
1382,2,9/24/2016,50:00.0,17.54919387
1383,3,9/24/2016,50:00.0,18.25302192
1384,4,9/24/2016,50:00.0,9.475765926
1385,5,9/24/2016,50:00.0,15.77884768
1386,6,9/24/2016,50:00.0,9.528701812
1387,7,9/24/2016,50:00.0,14.62118661
1388,8,9/24/2016,50:00.0,4.075008285
1389,9,9/24/2016,50:00.0,13.07516002
1390,10,9/24/2016,50:00.0,17.55737675
1391,11,9/24/2016,50:00.0,13.80825679
1392,12,9/24/2016,50:00.0,22.07655587
1393,1,9/24/2016,50:10.0,10.32112436
1394,2,9/24/2016,50:10.0,11.72206525
1395,3,9/24/2016,50:10.0,22.48645067
1396,4,9/24/2016,50:10.0,5.686185381
1397,5,9/24/2016,50:10.0,5.437873339
1398,6,9/24/2016,50:10.0,22.39220001
1399,7,9/24/2016,50:10.0,14.18196693
1400,8,9/24/2016,50:10.0,19.89946479
1401,9,9/24/2016,50:10.0,6.629990532
1402,10,9/24/2016,50:10.0,8.088617134
1403,11,9/24/2016,50:10.0,4.73673526
1404,12,9/24/2016,50:10.0,16.68172108
1405,1,9/24/2016,50:20.0,3.375399572
1406,2,9/24/2016,50:20.0,9.229252845
1407,3,9/24/2016,50:20.0,8.455594822
1408,4,9/24/2016,50:20.0,15.45115467
1409,5,9/24/2016,50:20.0,12.55507577
1410,6,9/24/2016,50:20.0,20.76564066
1411,7,9/24/2016,50:20.0,4.480684316
1412,8,9/24/2016,50:20.0,5.893955961
1413,9,9/24/2016,50:20.0,12.55137688
1414,10,9/24/2016,50:20.0,7.874664361
1415,11,9/24/2016,50:20.0,4.415823483
1416,12,9/24/2016,50:20.0,18.52990787
1417,1,9/24/2016,50:30.0,11.65402355
1418,2,9/24/2016,50:30.0,9.450626363
1419,3,9/24/2016,50:30.0,21.46884921
1420,4,9/24/2016,50:30.0,21.14710941
1421,5,9/24/2016,50:30.0,8.808814656
1422,6,9/24/2016,50:30.0,4.365602602
1423,7,9/24/2016,50:30.0,21.41539182
1424,8,9/24/2016,50:30.0,6.506321839
1425,9,9/24/2016,50:30.0,9.105078554
1426,10,9/24/2016,50:30.0,8.518214506
1427,11,9/24/2016,50:30.0,7.467914931
1428,12,9/24/2016,50:30.0,13.89225223
1429,1,9/24/2016,50:40.0,22.05710364
1430,2,9/24/2016,50:40.0,17.9966096
1431,3,9/24/2016,50:40.0,4.244325209
1432,4,9/24/2016,50:40.0,4.2937506
1433,5,9/24/2016,50:40.0,22.7948379
1434,6,9/24/2016,50:40.0,16.76329548
1435,7,9/24/2016,50:40.0,21.52411831
1436,8,9/24/2016,50:40.0,20.11265623
1437,9,9/24/2016,50:40.0,20.00841214
1438,10,9/24/2016,50:40.0,20.74115953
1439,11,9/24/2016,50:40.0,22.69972264
1440,12,9/24/2016,50:40.0,15.19696308
1441,1,9/24/2016,50:50.0,11.04349053
1442,2,9/24/2016,50:50.0,12.51468218
1443,3,9/24/2016,50:50.0,6.664624892
1444,4,9/24/2016,50:50.0,13.81373821
1445,5,9/24/2016,50:50.0,16.01236061
1446,6,9/24/2016,50:50.0,19.54941036
1447,7,9/24/2016,50:50.0,16.92941901
1448,8,9/24/2016,50:50.0,21.36530581
1449,9,9/24/2016,50:50.0,17.85452257
1450,10,9/24/2016,50:50.0,17.50160773
1451,11,9/24/2016,50:50.0,5.900332295
1452,12,9/24/2016,50:50.0,17.58319135
1453,1,9/24/2016,51:00.0,21.1566605
1454,2,9/24/2016,51:00.0,18.07354302
1455,3,9/24/2016,51:00.0,12.45003977
1456,4,9/24/2016,51:00.0,22.85530614
1457,5,9/24/2016,51:00.0,8.759801245
1458,6,9/24/2016,51:00.0,11.2247893
1459,7,9/24/2016,51:00.0,18.62049584
1460,8,9/24/2016,51:00.0,8.858832176
1461,9,9/24/2016,51:00.0,22.93761481
1462,10,9/24/2016,51:00.0,10.9919142
1463,11,9/24/2016,51:00.0,7.732762864
1464,12,9/24/2016,51:00.0,11.35232197
1465,1,9/24/2016,51:10.0,5.305601051
1466,2,9/24/2016,51:10.0,4.073790027
1467,3,9/24/2016,51:10.0,12.03010768
1468,4,9/24/2016,51:10.0,3.936034941
1469,5,9/24/2016,51:10.0,13.40931204
1470,6,9/24/2016,51:10.0,12.29196076
1471,7,9/24/2016,51:10.0,9.856414023
1472,8,9/24/2016,51:10.0,4.030531068
1473,9,9/24/2016,51:10.0,16.81786914
1474,10,9/24/2016,51:10.0,13.44082933
1475,11,9/24/2016,51:10.0,17.81129789
1476,12,9/24/2016,51:10.0,14.14358108
1477,1,9/24/2016,51:20.0,9.699104293
1478,2,9/24/2016,51:20.0,14.84298828
1479,3,9/24/2016,51:20.0,9.99567948
1480,4,9/24/2016,51:20.0,5.297607968
1481,5,9/24/2016,51:20.0,18.32719447
1482,6,9/24/2016,51:20.0,3.930976583
1483,7,9/24/2016,51:20.0,9.527190562
1484,8,9/24/2016,51:20.0,12.08649884
1485,9,9/24/2016,51:20.0,14.17068547
1486,10,9/24/2016,51:20.0,5.070669416
1487,11,9/24/2016,51:20.0,7.670255465
1488,12,9/24/2016,51:20.0,16.92834542
1489,1,9/24/2016,51:30.0,12.23624628
1490,2,9/24/2016,51:30.0,9.434403138
1491,3,9/24/2016,51:30.0,16.43615667
1492,4,9/24/2016,51:30.0,6.795236049
1493,5,9/24/2016,51:30.0,7.949289016
1494,6,9/24/2016,51:30.0,3.165893133
1495,7,9/24/2016,51:30.0,19.95403533
1496,8,9/24/2016,51:30.0,17.8453471
1497,9,9/24/2016,51:30.0,19.10911411
1498,10,9/24/2016,51:30.0,13.50608739
1499,11,9/24/2016,51:30.0,5.163045559
1500,12,9/24/2016,51:30.0,4.174565314
1501,1,9/24/2016,51:40.0,15.38633295
1502,2,9/24/2016,51:40.0,14.35646894
1503,3,9/24/2016,51:40.0,15.82970246
1504,4,9/24/2016,51:40.0,14.41714015
1505,5,9/24/2016,51:40.0,7.453377931
1506,6,9/24/2016,51:40.0,19.69521171
1507,7,9/24/2016,51:40.0,3.457774172
1508,8,9/24/2016,51:40.0,14.70754613
1509,9,9/24/2016,51:40.0,13.19366044
1510,10,9/24/2016,51:40.0,13.22870044
1511,11,9/24/2016,51:40.0,8.04006508
1512,12,9/24/2016,51:40.0,16.63124009
1513,1,9/24/2016,51:50.0,11.70078117
1514,2,9/24/2016,51:50.0,9.106030812
1515,3,9/24/2016,51:50.0,4.110320537
1516,4,9/24/2016,51:50.0,15.95143635
1517,5,9/24/2016,51:50.0,18.25040079
1518,6,9/24/2016,51:50.0,18.27686615
1519,7,9/24/2016,51:50.0,15.77365721
1520,8,9/24/2016,51:50.0,22.40790837
1521,9,9/24/2016,51:50.0,3.277602539
1522,10,9/24/2016,51:50.0,3.883705787
1523,11,9/24/2016,51:50.0,15.20442527
1524,12,9/24/2016,51:50.0,16.53514377
1525,1,9/24/2016,52:00.0,19.37313434
1526,2,9/24/2016,52:00.0,17.10332515
1527,3,9/24/2016,52:00.0,21.79418203
1528,4,9/24/2016,52:00.0,8.300615711
1529,5,9/24/2016,52:00.0,17.58888432
1530,6,9/24/2016,52:00.0,18.71826234
1531,7,9/24/2016,52:00.0,7.047133003
1532,8,9/24/2016,52:00.0,15.08087404
1533,9,9/24/2016,52:00.0,10.09160821
1534,10,9/24/2016,52:00.0,4.271572484
1535,11,9/24/2016,52:00.0,13.56112824
1536,12,9/24/2016,52:00.0,14.8279939
1537,1,9/24/2016,52:10.0,5.242719718
1538,2,9/24/2016,52:10.0,9.077555459
1539,3,9/24/2016,52:10.0,13.00742063
1540,4,9/24/2016,52:10.0,12.95174454
1541,5,9/24/2016,52:10.0,19.65709119
1542,6,9/24/2016,52:10.0,18.70640463
1543,7,9/24/2016,52:10.0,4.489717379
1544,8,9/24/2016,52:10.0,16.90118991
1545,9,9/24/2016,52:10.0,3.695932319
1546,10,9/24/2016,52:10.0,12.18895763
1547,11,9/24/2016,52:10.0,7.294035161
1548,12,9/24/2016,52:10.0,12.86862369
1549,1,9/24/2016,52:20.0,9.806070029
1550,2,9/24/2016,52:20.0,10.18777333
1551,3,9/24/2016,52:20.0,10.44659083
1552,4,9/24/2016,52:20.0,7.462921186
1553,5,9/24/2016,52:20.0,11.92843024
1554,6,9/24/2016,52:20.0,7.117729666
1555,7,9/24/2016,52:20.0,9.157177455
1556,8,9/24/2016,52:20.0,22.00913264
1557,9,9/24/2016,52:20.0,21.97075413
1558,10,9/24/2016,52:20.0,19.41363687
1559,11,9/24/2016,52:20.0,18.55748413
1560,12,9/24/2016,52:20.0,15.22552307
1561,1,9/24/2016,52:30.0,5.617096525
1562,2,9/24/2016,52:30.0,11.53441919
1563,3,9/24/2016,52:30.0,8.440784925
1564,4,9/24/2016,52:30.0,13.51077127
1565,5,9/24/2016,52:30.0,20.69210423
1566,6,9/24/2016,52:30.0,13.8236621
1567,7,9/24/2016,52:30.0,15.71641854
1568,8,9/24/2016,52:30.0,22.60358138
1569,9,9/24/2016,52:30.0,17.03149723
1570,10,9/24/2016,52:30.0,5.825677961
1571,11,9/24/2016,52:30.0,4.076259537
1572,12,9/24/2016,52:30.0,21.57121516
1573,1,9/24/2016,52:40.0,18.16502895
1574,2,9/24/2016,52:40.0,21.4690738
1575,3,9/24/2016,52:40.0,7.909200814
1576,4,9/24/2016,52:40.0,22.53787947
1577,5,9/24/2016,52:40.0,13.41998958
1578,6,9/24/2016,52:40.0,15.87842154
1579,7,9/24/2016,52:40.0,11.46425164
1580,8,9/24/2016,52:40.0,22.23914665
1581,9,9/24/2016,52:40.0,3.714012397
1582,10,9/24/2016,52:40.0,3.811166985
1583,11,9/24/2016,52:40.0,20.19732647
1584,12,9/24/2016,52:40.0,5.405245053
1585,1,9/24/2016,52:50.0,21.11210221
1586,2,9/24/2016,52:50.0,5.286787934
1587,3,9/24/2016,52:50.0,6.037741777
1588,4,9/24/2016,52:50.0,13.46945657
1589,5,9/24/2016,52:50.0,9.883265023
1590,6,9/24/2016,52:50.0,6.370708565
1591,7,9/24/2016,52:50.0,8.421071086
1592,8,9/24/2016,52:50.0,19.15215653
1593,9,9/24/2016,52:50.0,4.345481055
1594,10,9/24/2016,52:50.0,20.32745396
1595,11,9/24/2016,52:50.0,3.297475939
1596,12,9/24/2016,52:50.0,14.05309572
1597,1,9/24/2016,53:00.0,20.59768923
1598,2,9/24/2016,53:00.0,7.300206154
1599,3,9/24/2016,53:00.0,17.08592094
1600,4,9/24/2016,53:00.0,6.276930363
1601,5,9/24/2016,53:00.0,4.062962816
1602,6,9/24/2016,53:00.0,4.182981618
1603,7,9/24/2016,53:00.0,12.92776234
1604,8,9/24/2016,53:00.0,16.28197299
1605,9,9/24/2016,53:00.0,13.9411016
1606,10,9/24/2016,53:00.0,21.12939861
1607,11,9/24/2016,53:00.0,17.27732069
1608,12,9/24/2016,53:00.0,21.26534612
1609,1,9/24/2016,53:10.0,8.409597491
1610,2,9/24/2016,53:10.0,22.99402127
1611,3,9/24/2016,53:10.0,10.53581865
1612,4,9/24/2016,53:10.0,11.94545765
1613,5,9/24/2016,53:10.0,10.74860128
1614,6,9/24/2016,53:10.0,6.998690317
1615,7,9/24/2016,53:10.0,4.298815461
1616,8,9/24/2016,53:10.0,10.85109447
1617,9,9/24/2016,53:10.0,22.55252085
1618,10,9/24/2016,53:10.0,3.333336199
1619,11,9/24/2016,53:10.0,9.636925483
1620,12,9/24/2016,53:10.0,4.935561984
1621,1,9/24/2016,53:20.0,21.33715342
1622,2,9/24/2016,53:20.0,14.92522592
1623,3,9/24/2016,53:20.0,11.19108217
1624,4,9/24/2016,53:20.0,14.3658188
1625,5,9/24/2016,53:20.0,12.48667882
1626,6,9/24/2016,53:20.0,14.5902121
1627,7,9/24/2016,53:20.0,20.06799509
1628,8,9/24/2016,53:20.0,10.53929821
1629,9,9/24/2016,53:20.0,8.576702506
1630,10,9/24/2016,53:20.0,15.54218445
1631,11,9/24/2016,53:20.0,12.36457925
1632,12,9/24/2016,53:20.0,4.473615846
1633,1,9/24/2016,53:30.0,8.747027401
1634,2,9/24/2016,53:30.0,17.13677135
1635,3,9/24/2016,53:30.0,21.39188921
1636,4,9/24/2016,53:30.0,15.25991451
1637,5,9/24/2016,53:30.0,11.85084597
1638,6,9/24/2016,53:30.0,16.53756889
1639,7,9/24/2016,53:30.0,7.021884296
1640,8,9/24/2016,53:30.0,14.47801311
1641,9,9/24/2016,53:30.0,15.2686801
1642,10,9/24/2016,53:30.0,22.55924537
1643,11,9/24/2016,53:30.0,8.249434215
1644,12,9/24/2016,53:30.0,12.93390244
1645,1,9/24/2016,53:40.0,20.71464686
1646,2,9/24/2016,53:40.0,10.69047454
1647,3,9/24/2016,53:40.0,22.5055244
1648,4,9/24/2016,53:40.0,6.257097985
1649,5,9/24/2016,53:40.0,21.33951085
1650,6,9/24/2016,53:40.0,16.62831664
1651,7,9/24/2016,53:40.0,14.05668712
1652,8,9/24/2016,53:40.0,14.35798618
1653,9,9/24/2016,53:40.0,14.88399486
1654,10,9/24/2016,53:40.0,9.313063697
1655,11,9/24/2016,53:40.0,13.87489329
1656,12,9/24/2016,53:40.0,19.13515243
1657,1,9/24/2016,53:50.0,16.10470588
1658,2,9/24/2016,53:50.0,3.451033917
1659,3,9/24/2016,53:50.0,15.91432982
1660,4,9/24/2016,53:50.0,14.84593255
1661,5,9/24/2016,53:50.0,18.7519081
1662,6,9/24/2016,53:50.0,7.779607105
1663,7,9/24/2016,53:50.0,6.385274851
1664,8,9/24/2016,53:50.0,9.192538817
1665,9,9/24/2016,53:50.0,7.237290525
1666,10,9/24/2016,53:50.0,10.06140536
1667,11,9/24/2016,53:50.0,14.09310004
1668,12,9/24/2016,53:50.0,14.47788732
1669,1,9/24/2016,54:00.0,18.25738701
1670,2,9/24/2016,54:00.0,20.94399291
1671,3,9/24/2016,54:00.0,3.214954514
1672,4,9/24/2016,54:00.0,13.9715675
1673,5,9/24/2016,54:00.0,16.57386848
1674,6,9/24/2016,54:00.0,16.0084388
1675,7,9/24/2016,54:00.0,3.439511225
1676,8,9/24/2016,54:00.0,8.045627825
1677,9,9/24/2016,54:00.0,3.982214628
1678,10,9/24/2016,54:00.0,6.668630283
1679,11,9/24/2016,54:00.0,17.75055341
1680,12,9/24/2016,54:00.0,7.213828215
1681,1,9/24/2016,54:10.0,11.71318212
1682,2,9/24/2016,54:10.0,15.86557023
1683,3,9/24/2016,54:10.0,4.129055933
1684,4,9/24/2016,54:10.0,13.89901524
1685,5,9/24/2016,54:10.0,19.34829587
1686,6,9/24/2016,54:10.0,16.64590096
1687,7,9/24/2016,54:10.0,14.68081422
1688,8,9/24/2016,54:10.0,21.6587691
1689,9,9/24/2016,54:10.0,11.98963721
1690,10,9/24/2016,54:10.0,6.295084404
1691,11,9/24/2016,54:10.0,8.703885993
1692,12,9/24/2016,54:10.0,5.259685481
1693,1,9/24/2016,54:20.0,19.34782604
1694,2,9/24/2016,54:20.0,10.05767918
1695,3,9/24/2016,54:20.0,5.267438278
1696,4,9/24/2016,54:20.0,8.061468175
1697,5,9/24/2016,54:20.0,10.36444474
1698,6,9/24/2016,54:20.0,18.31394991
1699,7,9/24/2016,54:20.0,12.41005312
1700,8,9/24/2016,54:20.0,4.730506101
1701,9,9/24/2016,54:20.0,5.327093386
1702,10,9/24/2016,54:20.0,15.70918417
1703,11,9/24/2016,54:20.0,12.98559491
1704,12,9/24/2016,54:20.0,12.93266607
1705,1,9/24/2016,54:30.0,8.840956324
1706,2,9/24/2016,54:30.0,10.24117223
1707,3,9/24/2016,54:30.0,11.28982468
1708,4,9/24/2016,54:30.0,14.19255972
1709,5,9/24/2016,54:30.0,10.0969773
1710,6,9/24/2016,54:30.0,18.66280769
1711,7,9/24/2016,54:30.0,10.70889152
1712,8,9/24/2016,54:30.0,20.70540026
1713,9,9/24/2016,54:30.0,13.58887891
1714,10,9/24/2016,54:30.0,13.98422497
1715,11,9/24/2016,54:30.0,19.71966414
1716,12,9/24/2016,54:30.0,5.66927139
1717,1,9/24/2016,54:40.0,17.43679331
1718,2,9/24/2016,54:40.0,20.75823397
1719,3,9/24/2016,54:40.0,21.39776107
1720,4,9/24/2016,54:40.0,17.65412606
1721,5,9/24/2016,54:40.0,22.1031176
1722,6,9/24/2016,54:40.0,10.45558976
1723,7,9/24/2016,54:40.0,18.60959871
1724,8,9/24/2016,54:40.0,3.600283365
1725,9,9/24/2016,54:40.0,19.86580825
1726,10,9/24/2016,54:40.0,12.87249566
1727,11,9/24/2016,54:40.0,19.39559581
1728,12,9/24/2016,54:40.0,11.92773369
1729,1,9/24/2016,54:50.0,13.17504537
1730,2,9/24/2016,54:50.0,21.9719796
1731,3,9/24/2016,54:50.0,14.49056191
1732,4,9/24/2016,54:50.0,3.212268192
1733,5,9/24/2016,54:50.0,3.543001332
1734,6,9/24/2016,54:50.0,3.318418095
1735,7,9/24/2016,54:50.0,20.79645968
1736,8,9/24/2016,54:50.0,5.165072023
1737,9,9/24/2016,54:50.0,19.05197332
1738,10,9/24/2016,54:50.0,3.099571799
1739,11,9/24/2016,54:50.0,7.54881298
1740,12,9/24/2016,54:50.0,5.688985766
1741,1,9/24/2016,55:00.0,20.26466926
1742,2,9/24/2016,55:00.0,6.632954257
1743,3,9/24/2016,55:00.0,3.151452893
1744,4,9/24/2016,55:00.0,7.605354643
1745,5,9/24/2016,55:00.0,8.510740027
1746,6,9/24/2016,55:00.0,19.22882981
1747,7,9/24/2016,55:00.0,17.23726805
1748,8,9/24/2016,55:00.0,5.631792415
1749,9,9/24/2016,55:00.0,22.67938358
1750,10,9/24/2016,55:00.0,21.72990377
1751,11,9/24/2016,55:00.0,13.29217261
1752,12,9/24/2016,55:00.0,11.45089694
1753,1,9/24/2016,55:10.0,20.70801552
1754,2,9/24/2016,55:10.0,8.95456316
1755,3,9/24/2016,55:10.0,13.55163945
1756,4,9/24/2016,55:10.0,20.3260181
1757,5,9/24/2016,55:10.0,12.47846818
1758,6,9/24/2016,55:10.0,18.9228296
1759,7,9/24/2016,55:10.0,21.86522494
1760,8,9/24/2016,55:10.0,17.09542636
1761,9,9/24/2016,55:10.0,6.133634552
1762,10,9/24/2016,55:10.0,12.27001027
1763,11,9/24/2016,55:10.0,4.435303705
1764,12,9/24/2016,55:10.0,17.53878508
1765,1,9/24/2016,55:20.0,16.63367004
1766,2,9/24/2016,55:20.0,20.39087122
1767,3,9/24/2016,55:20.0,7.878135746
1768,4,9/24/2016,55:20.0,14.3647673
1769,5,9/24/2016,55:20.0,3.008972428
1770,6,9/24/2016,55:20.0,15.31083261
1771,7,9/24/2016,55:20.0,7.987077308
1772,8,9/24/2016,55:20.0,3.548913722
1773,9,9/24/2016,55:20.0,18.74457404
1774,10,9/24/2016,55:20.0,20.14769357
1775,11,9/24/2016,55:20.0,13.20212203
1776,12,9/24/2016,55:20.0,18.30163816
1777,1,9/24/2016,55:30.0,10.9528247
1778,2,9/24/2016,55:30.0,16.95756502
1779,3,9/24/2016,55:30.0,6.798196463
1780,4,9/24/2016,55:30.0,9.001426958
1781,5,9/24/2016,55:30.0,18.80317632
1782,6,9/24/2016,55:30.0,21.84743872
1783,7,9/24/2016,55:30.0,4.040405973
1784,8,9/24/2016,55:30.0,8.846714807
1785,9,9/24/2016,55:30.0,16.99288545
1786,10,9/24/2016,55:30.0,13.14852452
1787,11,9/24/2016,55:30.0,12.29060478
1788,12,9/24/2016,55:30.0,9.305200944
1789,1,9/24/2016,55:40.0,13.42683794
1790,2,9/24/2016,55:40.0,22.79106908
1791,3,9/24/2016,55:40.0,19.02062964
1792,4,9/24/2016,55:40.0,22.7136508
1793,5,9/24/2016,55:40.0,13.43829406
1794,6,9/24/2016,55:40.0,6.330250621
1795,7,9/24/2016,55:40.0,13.92465034
1796,8,9/24/2016,55:40.0,6.103305916
1797,9,9/24/2016,55:40.0,15.00650155
1798,10,9/24/2016,55:40.0,21.7518731
1799,11,9/24/2016,55:40.0,15.44917924
1800,12,9/24/2016,55:40.0,18.23783581
1801,1,9/24/2016,55:50.0,5.459253112
1802,2,9/24/2016,55:50.0,15.07103604
1803,3,9/24/2016,55:50.0,8.495620392
1804,4,9/24/2016,55:50.0,16.9966425
1805,5,9/24/2016,55:50.0,9.415294347
1806,6,9/24/2016,55:50.0,7.630038538
1807,7,9/24/2016,55:50.0,20.44683023
1808,8,9/24/2016,55:50.0,8.539112274
1809,9,9/24/2016,55:50.0,15.77632184
1810,10,9/24/2016,55:50.0,16.3125981
1811,11,9/24/2016,55:50.0,6.967977936
1812,12,9/24/2016,55:50.0,10.27514256
1813,1,9/24/2016,56:00.0,20.49695846
1814,2,9/24/2016,56:00.0,7.298856357
1815,3,9/24/2016,56:00.0,13.3461388
1816,4,9/24/2016,56:00.0,7.481998537
1817,5,9/24/2016,56:00.0,21.74494321
1818,6,9/24/2016,56:00.0,12.79037228
1819,7,9/24/2016,56:00.0,4.577848901
1820,8,9/24/2016,56:00.0,12.50694546
1821,9,9/24/2016,56:00.0,20.63301095
1822,10,9/24/2016,56:00.0,15.67095636
1823,11,9/24/2016,56:00.0,16.35001918
1824,12,9/24/2016,56:00.0,13.15139139
1825,1,9/24/2016,56:10.0,11.78242225
1826,2,9/24/2016,56:10.0,16.45684199
1827,3,9/24/2016,56:10.0,19.48080886
1828,4,9/24/2016,56:10.0,4.084937078
1829,5,9/24/2016,56:10.0,9.896738764
1830,6,9/24/2016,56:10.0,11.55074303
1831,7,9/24/2016,56:10.0,12.0951553
1832,8,9/24/2016,56:10.0,9.513070627
1833,9,9/24/2016,56:10.0,8.911482638
1834,10,9/24/2016,56:10.0,18.19424687
1835,11,9/24/2016,56:10.0,16.73945543
1836,12,9/24/2016,56:10.0,17.37631885
1837,1,9/24/2016,56:20.0,8.896672332
1838,2,9/24/2016,56:20.0,6.488886252
1839,3,9/24/2016,56:20.0,21.22418518
1840,4,9/24/2016,56:20.0,12.85819148
1841,5,9/24/2016,56:20.0,11.48046258
1842,6,9/24/2016,56:20.0,3.533510627
1843,7,9/24/2016,56:20.0,15.52757797
1844,8,9/24/2016,56:20.0,11.19776497
1845,9,9/24/2016,56:20.0,22.19660914
1846,10,9/24/2016,56:20.0,17.19133325
1847,11,9/24/2016,56:20.0,3.969000196
1848,12,9/24/2016,56:20.0,17.53708284
1849,1,9/24/2016,56:30.0,22.50588624
1850,2,9/24/2016,56:30.0,13.14197013
1851,3,9/24/2016,56:30.0,20.22808361
1852,4,9/24/2016,56:30.0,15.41169769
1853,5,9/24/2016,56:30.0,19.08752924
1854,6,9/24/2016,56:30.0,17.95225988
1855,7,9/24/2016,56:30.0,12.10506734
1856,8,9/24/2016,56:30.0,19.88787237
1857,9,9/24/2016,56:30.0,16.95090679
1858,10,9/24/2016,56:30.0,4.609686571
1859,11,9/24/2016,56:30.0,13.92008864
1860,12,9/24/2016,56:30.0,15.60018432
1861,1,9/24/2016,56:40.0,12.02412638
1862,2,9/24/2016,56:40.0,12.12545991
1863,3,9/24/2016,56:40.0,9.320140983
1864,4,9/24/2016,56:40.0,3.42832486
1865,5,9/24/2016,56:40.0,4.17513897
1866,6,9/24/2016,56:40.0,18.81175861
1867,7,9/24/2016,56:40.0,10.53297236
1868,8,9/24/2016,56:40.0,18.19941354
1869,9,9/24/2016,56:40.0,6.674905626
1870,10,9/24/2016,56:40.0,20.69784
1871,11,9/24/2016,56:40.0,13.16359429
1872,12,9/24/2016,56:40.0,10.67105697
1873,1,9/24/2016,56:50.0,18.25114383
1874,2,9/24/2016,56:50.0,20.69528398
1875,3,9/24/2016,56:50.0,12.99423107
1876,4,9/24/2016,56:50.0,6.511026549
1877,5,9/24/2016,56:50.0,21.92131129
1878,6,9/24/2016,56:50.0,20.63668942
1879,7,9/24/2016,56:50.0,3.583721368
1880,8,9/24/2016,56:50.0,17.03114441
1881,9,9/24/2016,56:50.0,9.993454341
1882,10,9/24/2016,56:50.0,5.826103859
1883,11,9/24/2016,56:50.0,18.87618376
1884,12,9/24/2016,56:50.0,16.3199937
1885,1,9/24/2016,57:00.0,22.56635024
1886,2,9/24/2016,57:00.0,3.647205178
1887,3,9/24/2016,57:00.0,11.37947
1888,4,9/24/2016,57:00.0,8.247610329
1889,5,9/24/2016,57:00.0,3.377454641
1890,6,9/24/2016,57:00.0,17.70512543
1891,7,9/24/2016,57:00.0,18.01908894
1892,8,9/24/2016,57:00.0,19.61964487
1893,9,9/24/2016,57:00.0,10.61025344
1894,10,9/24/2016,57:00.0,8.124507955
1895,11,9/24/2016,57:00.0,15.81854641
1896,12,9/24/2016,57:00.0,12.84245429
1897,1,9/24/2016,57:10.0,16.22965725
1898,2,9/24/2016,57:10.0,15.2728683
1899,3,9/24/2016,57:10.0,11.12755046
1900,4,9/24/2016,57:10.0,17.05809534
1901,5,9/24/2016,57:10.0,20.0034675
1902,6,9/24/2016,57:10.0,7.785968763
1903,7,9/24/2016,57:10.0,22.60663354
1904,8,9/24/2016,57:10.0,17.71193915
1905,9,9/24/2016,57:10.0,6.784482747
1906,10,9/24/2016,57:10.0,12.10518503
1907,11,9/24/2016,57:10.0,20.41370844
1908,12,9/24/2016,57:10.0,18.07186998
1909,1,9/24/2016,57:20.0,12.48520465
1910,2,9/24/2016,57:20.0,18.52611914
1911,3,9/24/2016,57:20.0,16.94568737
1912,4,9/24/2016,57:20.0,4.580174792
1913,5,9/24/2016,57:20.0,18.60192992
1914,6,9/24/2016,57:20.0,15.97835813
1915,7,9/24/2016,57:20.0,13.51184855
1916,8,9/24/2016,57:20.0,4.199456484
1917,9,9/24/2016,57:20.0,19.8305653
1918,10,9/24/2016,57:20.0,4.090072962
1919,11,9/24/2016,57:20.0,12.30237383
1920,12,9/24/2016,57:20.0,12.32194634
1921,1,9/24/2016,57:30.0,11.95482027
1922,2,9/24/2016,57:30.0,3.096682453
1923,3,9/24/2016,57:30.0,6.162258538
1924,4,9/24/2016,57:30.0,21.57135423
1925,5,9/24/2016,57:30.0,14.93548563
1926,6,9/24/2016,57:30.0,11.61405378
1927,7,9/24/2016,57:30.0,4.152235488
1928,8,9/24/2016,57:30.0,15.74397058
1929,9,9/24/2016,57:30.0,14.11173744
1930,10,9/24/2016,57:30.0,22.70674688
1931,11,9/24/2016,57:30.0,15.58822908
1932,12,9/24/2016,57:30.0,22.61220464
1933,1,9/24/2016,57:40.0,18.08422023
1934,2,9/24/2016,57:40.0,10.64880216
1935,3,9/24/2016,57:40.0,22.22479694
1936,4,9/24/2016,57:40.0,15.68790803
1937,5,9/24/2016,57:40.0,7.820137081
1938,6,9/24/2016,57:40.0,3.334540973
1939,7,9/24/2016,57:40.0,15.20284644
1940,8,9/24/2016,57:40.0,20.69528645
1941,9,9/24/2016,57:40.0,10.86379839
1942,10,9/24/2016,57:40.0,21.55598576
1943,11,9/24/2016,57:40.0,22.54925576
1944,12,9/24/2016,57:40.0,18.12652734
1945,1,9/24/2016,57:50.0,22.15122182
1946,2,9/24/2016,57:50.0,14.52409767
1947,3,9/24/2016,57:50.0,12.78408641
1948,4,9/24/2016,57:50.0,4.73710805
1949,5,9/24/2016,57:50.0,22.95989125
1950,6,9/24/2016,57:50.0,14.46549383
1951,7,9/24/2016,57:50.0,4.892145564
1952,8,9/24/2016,57:50.0,13.12944784
1953,9,9/24/2016,57:50.0,12.73966698
1954,10,9/24/2016,57:50.0,6.685350495
1955,11,9/24/2016,57:50.0,20.85795689
1956,12,9/24/2016,57:50.0,12.35137713
1957,1,9/24/2016,58:00.0,15.46943478
1958,2,9/24/2016,58:00.0,10.46264863
1959,3,9/24/2016,58:00.0,12.27255546
1960,4,9/24/2016,58:00.0,6.950725095
1961,5,9/24/2016,58:00.0,8.652056785
1962,6,9/24/2016,58:00.0,15.36346545
1963,7,9/24/2016,58:00.0,20.47975638
1964,8,9/24/2016,58:00.0,13.72152605
1965,9,9/24/2016,58:00.0,20.73838332
1966,10,9/24/2016,58:00.0,7.925317591
1967,11,9/24/2016,58:00.0,13.86451455
1968,12,9/24/2016,58:00.0,17.87237495
1969,1,9/24/2016,58:10.0,18.62653597
1970,2,9/24/2016,58:10.0,8.51031287
1971,3,9/24/2016,58:10.0,11.20953277
1972,4,9/24/2016,58:10.0,9.099752827
1973,5,9/24/2016,58:10.0,3.787631323
1974,6,9/24/2016,58:10.0,16.69800374
1975,7,9/24/2016,58:10.0,14.04052417
1976,8,9/24/2016,58:10.0,15.01749949
1977,9,9/24/2016,58:10.0,22.33914941
1978,10,9/24/2016,58:10.0,20.64083767
1979,11,9/24/2016,58:10.0,6.286563331
1980,12,9/24/2016,58:10.0,16.81480817
1981,1,9/24/2016,58:20.0,9.076548731
1982,2,9/24/2016,58:20.0,14.21608055
1983,3,9/24/2016,58:20.0,19.99559695
1984,4,9/24/2016,58:20.0,14.05783344
1985,5,9/24/2016,58:20.0,5.859970464
1986,6,9/24/2016,58:20.0,3.35270005
1987,7,9/24/2016,58:20.0,21.04612074
1988,8,9/24/2016,58:20.0,19.62841116
1989,9,9/24/2016,58:20.0,20.91096194
1990,10,9/24/2016,58:20.0,21.24991074
1991,11,9/24/2016,58:20.0,5.272241278
1992,12,9/24/2016,58:20.0,15.67847991
1993,1,9/24/2016,58:30.0,14.55720842
1994,2,9/24/2016,58:30.0,12.25014272
1995,3,9/24/2016,58:30.0,8.573300125
1996,4,9/24/2016,58:30.0,5.325549806
1997,5,9/24/2016,58:30.0,14.62257066
1998,6,9/24/2016,58:30.0,9.488856353
1999,7,9/24/2016,58:30.0,6.370464372
2000,8,9/24/2016,58:30.0,7.954122408
2001,9,9/24/2016,58:30.0,18.59225231
2002,10,9/24/2016,58:30.0,8.45762769
2003,11,9/24/2016,58:30.0,14.85113031
2004,12,9/24/2016,58:30.0,3.829445231
2005,1,9/24/2016,58:40.0,9.620680139
2006,2,9/24/2016,58:40.0,3.859620619
2007,3,9/24/2016,58:40.0,22.71627036
2008,4,9/24/2016,58:40.0,21.07555822
2009,5,9/24/2016,58:40.0,21.32692642
2010,6,9/24/2016,58:40.0,5.711880633
2011,7,9/24/2016,58:40.0,20.15640251
2012,8,9/24/2016,58:40.0,6.852725684
2013,9,9/24/2016,58:40.0,13.31127341
2014,10,9/24/2016,58:40.0,17.81799268
2015,11,9/24/2016,58:40.0,11.16850166
2016,12,9/24/2016,58:40.0,5.041883265
2017,1,9/24/2016,58:50.0,15.17404617
2018,2,9/24/2016,58:50.0,16.88328372
2019,3,9/24/2016,58:50.0,20.97278148
2020,4,9/24/2016,58:50.0,13.03631888
2021,5,9/24/2016,58:50.0,12.36177694
2022,6,9/24/2016,58:50.0,19.2197569
2023,7,9/24/2016,58:50.0,3.48234949
2024,8,9/24/2016,58:50.0,4.35900415
2025,9,9/24/2016,58:50.0,17.76743316
2026,10,9/24/2016,58:50.0,15.26409299
2027,11,9/24/2016,58:50.0,19.35435214
2028,12,9/24/2016,58:50.0,6.848441681
2029,1,9/24/2016,59:00.0,6.770373393
2030,2,9/24/2016,59:00.0,6.551400167
2031,3,9/24/2016,59:00.0,7.944784169
2032,4,9/24/2016,59:00.0,11.39801856
2033,5,9/24/2016,59:00.0,21.14931345
2034,6,9/24/2016,59:00.0,20.94450653
2035,7,9/24/2016,59:00.0,18.16897439
2036,8,9/24/2016,59:00.0,13.76606526
2037,9,9/24/2016,59:00.0,15.82379378
2038,10,9/24/2016,59:00.0,13.00354508
2039,11,9/24/2016,59:00.0,19.39680065
2040,12,9/24/2016,59:00.0,20.7300343
2041,1,9/24/2016,59:10.0,5.620650529
2042,2,9/24/2016,59:10.0,6.979154794
2043,3,9/24/2016,59:10.0,4.918451774
2044,4,9/24/2016,59:10.0,9.258651693
2045,5,9/24/2016,59:10.0,16.00371752
2046,6,9/24/2016,59:10.0,9.398100397
2047,7,9/24/2016,59:10.0,14.93247594
2048,8,9/24/2016,59:10.0,9.577442082
2049,9,9/24/2016,59:10.0,21.78727372
2050,10,9/24/2016,59:10.0,5.40229449
2051,11,9/24/2016,59:10.0,14.41908855
2052,12,9/24/2016,59:10.0,8.585682434
2053,1,9/24/2016,59:20.0,9.332109524
2054,2,9/24/2016,59:20.0,22.54995343
2055,3,9/24/2016,59:20.0,5.15625956
2056,4,9/24/2016,59:20.0,5.123128933
2057,5,9/24/2016,59:20.0,18.46164282
2058,6,9/24/2016,59:20.0,19.53061101
2059,7,9/24/2016,59:20.0,21.24670414
2060,8,9/24/2016,59:20.0,5.813310016
2061,9,9/24/2016,59:20.0,19.34745454
2062,10,9/24/2016,59:20.0,6.136099793
2063,11,9/24/2016,59:20.0,21.36344747
2064,12,9/24/2016,59:20.0,10.98092271
2065,1,9/24/2016,59:30.0,20.22331017
2066,2,9/24/2016,59:30.0,12.98005075
2067,3,9/24/2016,59:30.0,12.18479811
2068,4,9/24/2016,59:30.0,22.55615544
2069,5,9/24/2016,59:30.0,5.328069687
2070,6,9/24/2016,59:30.0,16.18441722
2071,7,9/24/2016,59:30.0,3.97533142
2072,8,9/24/2016,59:30.0,12.75733273
2073,9,9/24/2016,59:30.0,16.68998787
2074,10,9/24/2016,59:30.0,12.25076411
2075,11,9/24/2016,59:30.0,11.07489998
2076,12,9/24/2016,59:30.0,18.68030985
2077,1,9/24/2016,59:40.0,15.72365188
2078,2,9/24/2016,59:40.0,10.81604239
2079,3,9/24/2016,59:40.0,18.15801999
2080,4,9/24/2016,59:40.0,15.81266623
2081,5,9/24/2016,59:40.0,4.857944197
2082,6,9/24/2016,59:40.0,21.34000159
2083,7,9/24/2016,59:40.0,10.70957461
2084,8,9/24/2016,59:40.0,13.99158594
2085,9,9/24/2016,59:40.0,21.56302617
2086,10,9/24/2016,59:40.0,7.870429871
2087,11,9/24/2016,59:40.0,20.06473056
2088,12,9/24/2016,59:40.0,14.15559297
2089,1,9/24/2016,59:50.0,12.25457769
2090,2,9/24/2016,59:50.0,12.19823116
2091,3,9/24/2016,59:50.0,9.67396886
2092,4,9/24/2016,59:50.0,19.86655348
2093,5,9/24/2016,59:50.0,8.929046738
2094,6,9/24/2016,59:50.0,7.959180367
2095,7,9/24/2016,59:50.0,17.25660735
2096,8,9/24/2016,59:50.0,18.85593833
2097,9,9/24/2016,59:50.0,15.50758528
2098,10,9/24/2016,59:50.0,12.92889348
2099,11,9/24/2016,59:50.0,11.21617354
2100,12,9/24/2016,59:50.0,10.74411247
